Model Year,Division,Carline,Comb FE (Guide) - Conventional Fuel
2019,Acura,NSX,21.0
2019,ALFA ROMEO,4C,28.0
2019,Aston Martin Lagonda Ltd,Vantage V8,21.0
2019,Audi,TT Roadster quattro,26.0
2019,BMW,Z4 sDrive30i,28.0
2019,Bugatti,Chiron,11.0
2019,Chevrolet,CORVETTE,15.0
2019,Chevrolet,CORVETTE,18.0
2019,Chevrolet,CORVETTE,17.0
2019,Chevrolet,CORVETTE,15.0
2019,Chevrolet,CORVETTE,17.0
2019,Chevrolet,CORVETTE,19.0
2019,"Ferrari North America, Inc.",488 gtb,18.0
2019,"Ferrari North America, Inc.",488 gtb,18.0
2019,"Ferrari North America, Inc.",488 Pista,17.0
2019,"Ferrari North America, Inc.",488 Pista Spider,17.0
2019,"Ferrari North America, Inc.",488 Spider,18.0
2019,"Ferrari North America, Inc.",488 Spider,18.0
2019,"Ferrari North America, Inc.",812 Superfast,13.0
2019,FIAT,124 Spider,29.0
2019,FIAT,124 Spider,30.0
2019,Ford,FORD GT,14.0
2019,Jaguar,F-TYPE Convertible,26.0
2019,Jaguar,F-TYPE Convertible,23.0
2019,Jaguar,F-TYPE Convertible Manual,19.0
2019,Jaguar,F-TYPE Coupe,26.0
2019,Jaguar,F-TYPE Coupe,23.0
2019,Jaguar,F-TYPE Coupe Manual,19.0
2019,Jaguar,F-TYPE R AWD Convertible,18.0
2019,Jaguar,F-TYPE R AWD Coupe,18.0
2019,Jaguar,F-TYPE S AWD Convertible,21.0
2019,Jaguar,F-TYPE S AWD Coupe,21.0
2019,Jaguar,F-TYPE S Convertible,22.0
2019,Jaguar,F-TYPE S Convertible Manual,18.0
2019,Jaguar,F-TYPE S Coupe,22.0
2019,Jaguar,F-TYPE S Coupe Manual,18.0
2019,Jaguar,F-TYPE SVR AWD Convertible GEN2,18.0
2019,Jaguar,F-TYPE SVR AWD Coupe GEN2,18.0
2019,Lamborghini,Aventador Coupe,11.0
2019,Lamborghini,Aventador Roadster,11.0
2019,Lamborghini,Huracan,15.0
2019,Lamborghini,Huracan 2WD,15.0
2019,Lamborghini,Huracan Spyder,15.0
2019,Lamborghini,Huracan Spyder 2WD,15.0
2019,MAZDA,MX-5,30.0
2019,MAZDA,MX-5,29.0
2019,Mercedes-Benz,AMG GT (coupe),18.0
2019,Mercedes-Benz,AMG GT (roadster),18.0
2019,Mercedes-Benz,AMG GT C (coupe),17.0
2019,Mercedes-Benz,AMG GT C (roadster),17.0
2019,Mercedes-Benz,AMG GT R (coupe),17.0
2019,Mercedes-Benz,AMG GT S (coupe),18.0
2019,Mercedes-Benz,AMG SL 63,18.0
2019,Mercedes-Benz,AMG SLC 43,23.0
2019,Mercedes-Benz,SL 450,23.0
2019,Mercedes-Benz,SL 550,20.0
2019,Mercedes-Benz,SLC 300,27.0
2019,NISSAN,370Z,22.0
2019,NISSAN,370Z,20.0
2019,NISSAN,370Z Roadster,21.0
2019,Porsche,911 GT2 RS,17.0
2019,Porsche,911 GT3,17.0
2019,Porsche,911 GT3,16.0
2019,Porsche,911 GT3 RS,16.0
2019,Porsche,911 GT3 Touring,17.0
2019,Porsche,911 Speedster,16.0
2019,Porsche,Boxster,25.0
2019,Porsche,Boxster,24.0
2019,Porsche,Boxster GTS,22.0
2019,Porsche,Boxster GTS,21.0
2019,Porsche,Boxster S,24.0
2019,Porsche,Boxster S,22.0
2019,Porsche,Cayman,25.0
2019,Porsche,Cayman,24.0
2019,Porsche,Cayman GTS,22.0
2019,Porsche,Cayman GTS,21.0
2019,Porsche,Cayman S,24.0
2019,Porsche,Cayman S,22.0
2019,Aston Martin Lagonda Ltd,DB11 V12,18.0
2019,Aston Martin Lagonda Ltd,DB11 V8,20.0
2019,Aston Martin Lagonda Ltd,DBS,17.0
2019,Aston Martin Lagonda Ltd,Vanquish S,16.0
2019,"Ferrari North America, Inc.",GTC4Lusso,13.0
2019,"Ferrari North America, Inc.",GTC4Lusso T,17.0
2019,"Ferrari North America, Inc.",Portofino,18.0
2019,FIAT,500,27.0
2019,FIAT,500,30.0
2019,FIAT,500 Abarth,27.0
2019,FIAT,500 Abarth,30.0
2019,Mini,COOPER CONVERTIBLE,30.0
2019,Mini,COOPER CONVERTIBLE,31.0
2019,Mini,COOPER S CONVERTIBLE,28.0
2019,Mini,COOPER S CONVERTIBLE,26.0
2019,Mini,JOHN COOPER WORKS CONVERTIBLE,28.0
2019,Mini,JOHN COOPER WORKS CONVERTIBLE,25.0
2019,Porsche,911 Carrera,25.0
2019,Porsche,911 Carrera,23.0
2019,Porsche,911 Carrera 4,24.0
2019,Porsche,911 Carrera 4,23.0
2019,Porsche,911 Carrera 4 Cabriolet,24.0
2019,Porsche,911 Carrera 4 Cabriolet,22.0
2019,Porsche,911 Carrera 4 GTS,22.0
2019,Porsche,911 Carrera 4 GTS,21.0
2019,Porsche,911 Carrera 4 GTS Cabriolet,22.0
2019,Porsche,911 Carrera 4 GTS Cabriolet,21.0
2019,Porsche,911 Carrera 4S,24.0
2019,Porsche,911 Carrera 4S,23.0
2019,Porsche,911 Carrera 4S Cabriolet,24.0
2019,Porsche,911 Carrera 4S Cabriolet,22.0
2019,Porsche,911 Carrera Cabriolet,24.0
2019,Porsche,911 Carrera Cabriolet,23.0
2019,Porsche,911 Carrera GTS,23.0
2019,Porsche,911 Carrera GTS,21.0
2019,Porsche,911 Carrera GTS Cabriolet,22.0
2019,Porsche,911 Carrera GTS Cabriolet,21.0
2019,Porsche,911 Carrera S,24.0
2019,Porsche,911 Carrera S,23.0
2019,Porsche,911 Carrera S Cabriolet,24.0
2019,Porsche,911 Carrera S Cabriolet,23.0
2019,Porsche,911 Carrera T,22.0
2019,Porsche,911 Carrera T,19.0
2019,Porsche,911 Targa 4,24.0
2019,Porsche,911 Targa 4,22.0
2019,Porsche,911 Targa 4 GTS,22.0
2019,Porsche,911 Targa 4 GTS,21.0
2019,Porsche,911 Targa 4S,24.0
2019,Porsche,911 Targa 4S,22.0
2019,Porsche,911 Turbo,21.0
2019,Porsche,911 Turbo Cabriolet,21.0
2019,Porsche,911 Turbo S,21.0
2019,Porsche,911 Turbo S Cabriolet,21.0
2019,Porsche,911 Turbo S Exclusive Cabriolet,18.0
2019,Subaru,BRZ,27.0
2019,Subaru,BRZ,24.0
2019,TOYOTA,86,27.0
2019,TOYOTA,86,24.0
2019,Aston Martin Lagonda Ltd,Rapide S,17.0
2019,Audi,A3,29.0
2019,Audi,A3 Cabriolet,29.0
2019,Audi,A3 Cabriolet quattro,25.0
2019,Audi,A3 quattro,25.0
2019,Audi,A5 Cabriolet quattro,27.0
2019,Audi,A5 quattro,27.0
2019,Audi,RS 3,22.0
2019,Audi,RS 5,21.0
2019,Audi,S3,25.0
2019,Audi,S5,24.0
2019,Audi,S5 Cabriolet,24.0
2019,Audi,TT Coupe quattro,26.0
2019,Audi,TT RS,23.0
2019,Audi,TTS Coupe,25.0
2019,BMW,230i Convertible,27.0
2019,BMW,230i Coupe,28.0
2019,BMW,230i Coupe,25.0
2019,BMW,230i xDrive Convertible,27.0
2019,BMW,230i xDrive Coupe,27.0
2019,BMW,430i Convertible,27.0
2019,BMW,430i xDrive Convertible,26.0
2019,BMW,440i Convertible,24.0
2019,BMW,440i xDrive Convertible,23.0
2019,BMW,M2 Competition,19.0
2019,BMW,M2 Competition,20.0
2019,BMW,M240i Convertible,24.0
2019,BMW,M240i Convertible,21.0
2019,BMW,M240i Coupe,24.0
2019,BMW,M240i Coupe,21.0
2019,BMW,M240i Coupe M Performance,24.0
2019,BMW,M240i Coupe M Performance,21.0
2019,BMW,M240i xDrive Convertible,24.0
2019,BMW,M240i xDrive Coupe,24.0
2019,BMW,M240i xDrive Coupe M Performance,24.0
2019,BMW,M4 Convertible,19.0
2019,BMW,M4 Convertible,20.0
2019,BMW,M4 Convertible Competition,19.0
2019,BMW,M4 Convertible Competition,20.0
2019,BMW,M850i xDrive Convertible,20.0
2019,BMW,M850i xDrive Coupe,20.0
2019,Buick,CASCADA,24.0
2019,Chevrolet,CAMARO,25.0
2019,Chevrolet,CAMARO,23.0
2019,Chevrolet,CAMARO,22.0
2019,Chevrolet,CAMARO,20.0
2019,Chevrolet,CAMARO,20.0
2019,Chevrolet,CAMARO,16.0
2019,Chevrolet,CAMARO,19.0
2019,Chevrolet,CAMARO,16.0
2019,Chevrolet,SPARK,33.0
2019,Chevrolet,SPARK,33.0
2019,Chevrolet,SPARK ACTIV,33.0
2019,Chevrolet,SPARK ACTIV,32.0
2019,Ford,Fiesta FWD,31.0
2019,Ford,Fiesta FWD,30.0
2019,Ford,MUSTANG,25.0
2019,Ford,MUSTANG,25.0
2019,Ford,MUSTANG,19.0
2019,Ford,MUSTANG,18.0
2019,Ford,MUSTANG BULLITT,18.0
2019,Ford,MUSTANG CONVERTIBLE,23.0
2019,Ford,MUSTANG CONVERTIBLE,23.0
2019,Ford,MUSTANG CONVERTIBLE,18.0
2019,Ford,MUSTANG PERFORMANCE PACKAGE,23.0
2019,Ford,MUSTANG PERFORMANCE PACKAGE,23.0
2019,Ford,SHELBY GT350 MUSTANG,16.0
2019,INFINITI,Q60,25.0
2019,INFINITI,Q60,22.0
2019,INFINITI,Q60 AWD,24.0
2019,INFINITI,Q60 AWD,22.0
2019,INFINITI,Q60 AWD RED SPORT,21.0
2019,INFINITI,Q60 RED SPORT,22.0
2019,LEXUS,LC 500,19.0
2019,LEXUS,LC 500h,30.0
2019,LEXUS,RC 300,24.0
2019,LEXUS,RC 300 AWD,21.0
2019,LEXUS,RC 350,23.0
2019,LEXUS,RC 350 AWD,21.0
2019,LEXUS,RC F,19.0
2019,MASERATI,GRANTURISMO CONVERTIBLE,16.0
2019,Mercedes-Benz,A 220,28.0
2019,Mercedes-Benz,A 220 4MATIC,28.0
2019,Mercedes-Benz,AMG C 43 4MATIC (convertible),21.0
2019,Mercedes-Benz,AMG C 43 4MATIC (coupe),22.0
2019,Mercedes-Benz,AMG C 63 (convertible),20.0
2019,Mercedes-Benz,AMG C 63 (coupe),20.0
2019,Mercedes-Benz,AMG C 63 S (convertible),20.0
2019,Mercedes-Benz,AMG C 63 S (coupe),20.0
2019,Mercedes-Benz,AMG E53 4MATIC+ (Convertible),23.0
2019,Mercedes-Benz,AMG E53 4MATIC+ (Coupe),23.0
2019,Mercedes-Benz,AMG S 63 4MATIC (convertible),18.0
2019,Mercedes-Benz,AMG S 65 (convertible),16.0
2019,Mercedes-Benz,C 300 (convertible),24.0
2019,Mercedes-Benz,C 300 (Coupe),25.0
2019,Mercedes-Benz,C 300 4MATIC (convertible),24.0
2019,Mercedes-Benz,C 300 4MATIC (Coupe),25.0
2019,Mercedes-Benz,E 450 (convertible),23.0
2019,Mercedes-Benz,E 450 (coupe),23.0
2019,Mercedes-Benz,E 450 4MATIC (convertible),22.0
2019,Mercedes-Benz,E 450 4MATIC (coupe),22.0
2019,Mercedes-Benz,S 560 (convertible),20.0
2019,Mini,COOPER HARDTOP 2 DOOR,30.0
2019,Mini,COOPER HARDTOP 2 DOOR,32.0
2019,Mini,COOPER HARDTOP 4 DOOR,30.0
2019,Mini,COOPER HARDTOP 4 DOOR,31.0
2019,Mini,COOPER S HARDTOP 2 DOOR,28.0
2019,Mini,COOPER S HARDTOP 2 DOOR,26.0
2019,Mini,COOPER S HARDTOP 4 DOOR,28.0
2019,Mini,COOPER S HARDTOP 4 DOOR,26.0
2019,Mini,JOHN COOPER WORKS HARDTOP,28.0
2019,Mini,JOHN COOPER WORKS HARDTOP,26.0
2019,NISSAN,GT-R,18.0
2019,"Roush Industries, Inc.",Roush Stage 3 Mustang,15.0
2019,"Roush Industries, Inc.",Roush Stage 3 Mustang,15.0
2019,Volkswagen,Beetle Convertible,29.0
2019,Acura,ILX,28.0
2019,Acura,TLX AWD,23.0
2019,Acura,TLX AWD A-SPEC,23.0
2019,Acura,TLX FWD,27.0
2019,Acura,TLX FWD,24.0
2019,Acura,TLX FWD A-SPEC,26.0
2019,Acura,TLX FWD A-SPEC,23.0
2019,Audi,A4,30.0
2019,Audi,A4 quattro,27.0
2019,Audi,S4,24.0
2019,BMW,330i,30.0
2019,BMW,330i xDrive,28.0
2019,BMW,430i Coupe,27.0
2019,BMW,430i Coupe,25.0
2019,BMW,430i Gran Coupe,27.0
2019,BMW,430i xDrive Coupe,27.0
2019,BMW,430i xDrive Gran Coupe,27.0
2019,BMW,440i Coupe,25.0
2019,BMW,440i Coupe,22.0
2019,BMW,440i Gran Coupe,25.0
2019,BMW,440i xDrive Coupe,24.0
2019,BMW,440i xDrive Coupe,21.0
2019,BMW,440i xDrive Gran Coupe,24.0
2019,BMW,640i Gran Coupe,23.0
2019,BMW,640i xDrive Gran Coupe,22.0
2019,BMW,650i Gran Coupe,21.0
2019,BMW,650i xDrive Gran Coupe,20.0
2019,BMW,Alpina B6 xDrive Gran Coupe,20.0
2019,BMW,M4 Coupe,19.0
2019,BMW,M4 Coupe,20.0
2019,BMW,M4 Coupe Competition,19.0
2019,BMW,M4 Coupe Competition,20.0
2019,BMW,M4 CS,19.0
2019,BMW,M6 Gran Coupe,16.0
2019,BMW,M6 Gran Coupe,17.0
2019,Cadillac,ATS,25.0
2019,Cadillac,ATS,23.0
2019,Cadillac,ATS AWD,24.0
2019,Cadillac,ATS AWD,21.0
2019,Cadillac,ATS-V,20.0
2019,Cadillac,ATS-V,19.0
2019,Chevrolet,CRUZE,33.0
2019,Chevrolet,CRUZE,32.0
2019,Chevrolet,CRUZE,37.0
2019,Chevrolet,CRUZE PREMIER,32.0
2019,Chevrolet,SONIC,29.0
2019,Chevrolet,SONIC,31.0
2019,Ford,Fiesta ST FWD,28.0
2019,GENESIS,G70 AWD,23.0
2019,GENESIS,G70 AWD,20.0
2019,GENESIS,G70 RWD,25.0
2019,GENESIS,G70 RWD,22.0
2019,GENESIS,G70 RWD,20.0
2019,Honda,CIVIC 2Dr,35.0
2019,Honda,CIVIC 2Dr,33.0
2019,Honda,CIVIC 2Dr,32.0
2019,Honda,CIVIC 2Dr,33.0
2019,Honda,CIVIC 2Dr,32.0
2019,Honda,CIVIC 2Dr,29.0
2019,HYUNDAI MOTOR COMPANY,Accent,32.0
2019,HYUNDAI MOTOR COMPANY,Accent,31.0
2019,HYUNDAI MOTOR COMPANY,Veloster,30.0
2019,HYUNDAI MOTOR COMPANY,Veloster,29.0
2019,HYUNDAI MOTOR COMPANY,Veloster,30.0
2019,HYUNDAI MOTOR COMPANY,Veloster,28.0
2019,HYUNDAI MOTOR COMPANY,Veloster N,25.0
2019,INFINITI,QX30,27.0
2019,INFINITI,QX30 AWD,25.0
2019,Jaguar,XE,36.0
2019,Jaguar,XE,28.0
2019,Jaguar,XE,24.0
2019,Jaguar,XE AWD,34.0
2019,Jaguar,XE AWD,28.0
2019,Jaguar,XE AWD,23.0
2019,Jaguar,XE AWD,18.0
2019,KIA MOTORS CORPORATION,Rio,32.0
2019,KIA MOTORS CORPORATION,Rio,32.0
2019,LEXUS,GS F,19.0
2019,LEXUS,IS 300,24.0
2019,LEXUS,IS 300 AWD,21.0
2019,LEXUS,IS 350,23.0
2019,LEXUS,IS 350 AWD,21.0
2019,LEXUS,UX 250h,42.0
2019,LEXUS,UX 250h AWD,39.0
2019,MAZDA,CX-3 2WD,31.0
2019,MAZDA,CX-3 4WD,29.0
2019,MAZDA,MAZDA2,35.0
2019,MAZDA,MAZDA2,34.0
2019,MAZDA,Mazda3 4-Door 2WD,30.0
2019,MAZDA,Mazda3 4-Door 2WD,30.0
2019,MAZDA,Mazda3 4-Door 4WD,28.0
2019,Mercedes-Benz,AMG C 43 4MATIC,22.0
2019,Mercedes-Benz,AMG C 63,21.0
2019,Mercedes-Benz,AMG C 63 S,21.0
2019,Mercedes-Benz,AMG CLA 45 4MATIC,26.0
2019,Mercedes-Benz,AMG CLS53 4MATIC+,23.0
2019,Mercedes-Benz,AMG GT 53 4MATIC+,21.0
2019,Mercedes-Benz,AMG GT 63 4MATIC+,17.0
2019,Mercedes-Benz,AMG GT 63 S 4MATIC+,17.0
2019,Mercedes-Benz,AMG S 63 4MATIC (coupe),20.0
2019,Mercedes-Benz,AMG S 65 (coupe),16.0
2019,Mercedes-Benz,C 300,27.0
2019,Mercedes-Benz,C 300 4MATIC,26.0
2019,Mercedes-Benz,CLA 250,29.0
2019,Mercedes-Benz,CLA 250 4MATIC,27.0
2019,Mercedes-Benz,CLA 250 4MATIC,27.0
2019,Mercedes-Benz,CLS 450,26.0
2019,Mercedes-Benz,CLS 450 4MATIC,26.0
2019,Mercedes-Benz,S 560 4MATIC (coupe),20.0
2019,Mitsubishi Motors Corporation,MIRAGE,39.0
2019,Mitsubishi Motors Corporation,MIRAGE,36.0
2019,Mitsubishi Motors Corporation,MIRAGE G4,37.0
2019,Mitsubishi Motors Corporation,MIRAGE G4,35.0
2019,NISSAN,VERSA,34.0
2019,NISSAN,VERSA,30.0
2019,Rolls-Royce Motor Cars Limited,Dawn,14.0
2019,Subaru,WRX,21.0
2019,Subaru,WRX,23.0
2019,Subaru,WRX,19.0
2019,SUBARU TECNICA INTERNATIONAL,S209,17.0
2019,TOYOTA,C-HR,29.0
2019,TOYOTA,COROLLA HATCHBACK,36.0
2019,TOYOTA,COROLLA HATCHBACK MANUAL,31.0
2019,TOYOTA,COROLLA HATCHBACK XSE,33.0
2019,TOYOTA,PRIUS c,46.0
2019,TOYOTA,YARIS,32.0
2019,TOYOTA,YARIS,35.0
2019,TOYOTA,YARIS,34.0
2019,Volkswagen,Beetle,29.0
2019,Volkswagen,Golf,32.0
2019,Volkswagen,Golf,32.0
2019,Volkswagen,Golf R,26.0
2019,Volkswagen,Golf R,24.0
2019,Volkswagen,GTI,27.0
2019,Volkswagen,GTI,27.0
2019,Volkswagen,Jetta,34.0
2019,Volkswagen,Jetta,34.0
2019,Volkswagen,Jetta GLI,28.0
2019,Volkswagen,Jetta GLI,28.0
2019,"Volvo Cars of North America, LLC",S60 AWD,25.0
2019,"Volvo Cars of North America, LLC",S60 FWD,28.0
2019,Acura,RLX,28.0
2019,Acura,RLX,23.0
2019,ALFA ROMEO,Giulia,27.0
2019,ALFA ROMEO,Giulia,20.0
2019,ALFA ROMEO,Giulia AWD,26.0
2019,Audi,A5 Sportback quattro,27.0
2019,Audi,A6 quattro,27.0
2019,Audi,A6 quattro,25.0
2019,Audi,A7 quattro,25.0
2019,Audi,RS 5 Sportback,20.0
2019,Audi,S5 Sportback,24.0
2019,Bentley,Mulsanne,12.0
2019,BMW,530i,27.0
2019,BMW,530i xDrive,27.0
2019,BMW,540i,24.0
2019,BMW,540i xDrive,24.0
2019,BMW,M5,17.0
2019,BMW,M5 Competition,17.0
2019,BMW,M550i xDrive,20.0
2019,BMW,X2 M35i,25.0
2019,BMW,X2 sDrive28i,26.0
2019,BMW,X2 xDrive28i,25.0
2019,Buick,LACROSSE,29.0
2019,Buick,LACROSSE,24.0
2019,Buick,LACROSSE AWD,23.0
2019,Buick,REGAL,26.0
2019,Buick,REGAL AWD,24.0
2019,Buick,REGAL AWD,22.0
2019,Cadillac,CTS,25.0
2019,Cadillac,CTS,23.0
2019,Cadillac,CTS,19.0
2019,Cadillac,CTS AWD,24.0
2019,Cadillac,CTS AWD,21.0
2019,Cadillac,CTS-V,16.0
2019,Chevrolet,CRUZE HATCHBACK,32.0
2019,Chevrolet,CRUZE HATCHBACK,35.0
2019,Chevrolet,CRUZE PREMIER HATCHBACK,31.0
2019,Chevrolet,MALIBU,32.0
2019,Chevrolet,MALIBU,46.0
2019,Chevrolet,MALIBU,26.0
2019,Dodge,Challenger,23.0
2019,Dodge,Challenger,19.0
2019,Dodge,Challenger,18.0
2019,Dodge,Challenger,18.0
2019,Dodge,Challenger,17.0
2019,Dodge,Challenger GT,21.0
2019,Dodge,Challenger SRT,16.0
2019,Dodge,Challenger SRT,16.0
2019,Ford,FUSION AWD,23.0
2019,Ford,FUSION AWD,20.0
2019,Ford,FUSION FWD,27.0
2019,Ford,FUSION FWD,25.0
2019,Ford,FUSION FWD,25.0
2019,Ford,FUSION HYBRID FWD,42.0
2019,Ford,FUSION HYBRID TAXI,41.0
2019,Honda,ACCORD 2.0T SPORT/TOURING,26.0
2019,Honda,CIVIC 4Dr,36.0
2019,Honda,CIVIC 4Dr,33.0
2019,Honda,CIVIC 4Dr,32.0
2019,Honda,CIVIC 4Dr,33.0
2019,Honda,CIVIC 4Dr,32.0
2019,Honda,CIVIC 4Dr,29.0
2019,Honda,INSIGHT,52.0
2019,Honda,INSIGHT TOURING,48.0
2019,HYUNDAI MOTOR COMPANY,Elantra,35.0
2019,HYUNDAI MOTOR COMPANY,Elantra,29.0
2019,HYUNDAI MOTOR COMPANY,Elantra,25.0
2019,HYUNDAI MOTOR COMPANY,Elantra,32.0
2019,HYUNDAI MOTOR COMPANY,Elantra,29.0
2019,HYUNDAI MOTOR COMPANY,Elantra SE,33.0
2019,HYUNDAI MOTOR COMPANY,Sonata HYBRID,41.0
2019,HYUNDAI MOTOR COMPANY,Sonata HYBRID SE,42.0
2019,INFINITI,Q50,25.0
2019,INFINITI,Q50,23.0
2019,INFINITI,Q50 AWD,24.0
2019,INFINITI,Q50 AWD,22.0
2019,INFINITI,Q50 AWD RED SPORT,22.0
2019,INFINITI,Q50 RED SPORT,22.0
2019,INFINITI,Q70,21.0
2019,INFINITI,Q70,19.0
2019,INFINITI,Q70 AWD,20.0
2019,INFINITI,Q70 AWD,18.0
2019,Jaguar,XF,35.0
2019,Jaguar,XF,28.0
2019,Jaguar,XF,23.0
2019,Jaguar,XF AWD,34.0
2019,Jaguar,XF AWD,27.0
2019,Jaguar,XF AWD,23.0
2019,KIA MOTORS CORPORATION,Forte,34.0
2019,KIA MOTORS CORPORATION,Forte,31.0
2019,KIA MOTORS CORPORATION,Forte FE,35.0
2019,KIA MOTORS CORPORATION,Optima Hybrid,41.0
2019,KIA MOTORS CORPORATION,Stinger AWD,24.0
2019,KIA MOTORS CORPORATION,Stinger AWD,20.0
2019,KIA MOTORS CORPORATION,Stinger RWD,25.0
2019,KIA MOTORS CORPORATION,Stinger RWD,20.0
2019,LEXUS,ES 300h,44.0
2019,LEXUS,ES 350,26.0
2019,LEXUS,ES 350 F SPORT,25.0
2019,LEXUS,GS 300,26.0
2019,LEXUS,GS 300 F SPORT,24.0
2019,LEXUS,GS 350,23.0
2019,LEXUS,GS 350 AWD,21.0
2019,LEXUS,GS 350 F SPORT,22.0
2019,LEXUS,LS 500,23.0
2019,LEXUS,LS 500 AWD,21.0
2019,LEXUS,LS 500h,28.0
2019,LEXUS,LS 500h AWD,26.0
2019,LEXUS,UX 200,33.0
2019,Lincoln,MKZ AWD,23.0
2019,Lincoln,MKZ AWD,20.0
2019,Lincoln,MKZ FWD,24.0
2019,Lincoln,MKZ FWD,21.0
2019,Lincoln,MKZ HYBRID FWD,41.0
2019,MASERATI,Ghibli  S RWD,19.0
2019,MASERATI,Ghibli V6 Rear Wheel Drive (RWD),19.0
2019,MASERATI,Ghibli V6 SQ4 AWD,19.0
2019,MAZDA,Mazda3 5-Door 2WD,30.0
2019,MAZDA,Mazda3 5-Door 2WD,29.0
2019,MAZDA,Mazda3 5-Door 4WD,27.0
2019,MAZDA,MAZDA6,29.0
2019,MAZDA,MAZDA6,26.0
2019,MAZDA,MAZDA6,27.0
2019,Mercedes-Benz,AMG E 63 S 4MATIC,18.0
2019,Mercedes-Benz,AMG E53 4MATIC+,24.0
2019,Mercedes-Benz,E 300,25.0
2019,Mercedes-Benz,E 300 4MATIC,24.0
2019,Mercedes-Benz,E 450 4MATIC,23.0
2019,Mini,COOPER CLUBMAN,27.0
2019,Mini,COOPER CLUBMAN,28.0
2019,Mini,COOPER CLUBMAN ALL4,26.0
2019,Mini,COOPER CLUBMAN ALL4,26.0
2019,Mini,COOPER COUNTRYMAN,27.0
2019,Mini,COOPER COUNTRYMAN,28.0
2019,Mini,COOPER COUNTRYMAN ALL4,25.0
2019,Mini,COOPER COUNTRYMAN ALL4,26.0
2019,Mini,COOPER S CLUBMAN,27.0
2019,Mini,COOPER S CLUBMAN,25.0
2019,Mini,COOPER S CLUBMAN ALL4,26.0
2019,Mini,COOPER S CLUBMAN ALL4,24.0
2019,Mini,COOPER S COUNTRYMAN,27.0
2019,Mini,COOPER S COUNTRYMAN ALL4,26.0
2019,Mini,COOPER S COUNTRYMAN ALL4,24.0
2019,Mini,JCW COUNTRYMAN ALL4,25.0
2019,Mini,JCW COUNTRYMAN ALL4,24.0
2019,Mini,JOHN COOPER WORKS CLUBMAN ALL4,26.0
2019,Mini,JOHN COOPER WORKS CLUBMAN ALL4,24.0
2019,NISSAN,ALTIMA,32.0
2019,NISSAN,ALTIMA AWD,30.0
2019,NISSAN,ALTIMA AWD SR/PLATINUM,29.0
2019,NISSAN,ALTIMA SR/PLATINUM,29.0
2019,NISSAN,ALTIMA SR/PLATINUM,31.0
2019,NISSAN,Kicks,33.0
2019,NISSAN,MAXIMA,24.0
2019,NISSAN,SENTRA,29.0
2019,NISSAN,SENTRA,32.0
2019,NISSAN,SENTRA,30.0
2019,NISSAN,SENTRA NISMO,27.0
2019,NISSAN,SENTRA NISMO,27.0
2019,Rolls-Royce Motor Cars Limited,Wraith,14.0
2019,Subaru,IMPREZA 4-Door,32.0
2019,Subaru,IMPREZA 4-Door,27.0
2019,Subaru,IMPREZA 4-Door SPORT,30.0
2019,Subaru,IMPREZA 4-Door SPORT,26.0
2019,Subaru,LEGACY,29.0
2019,Subaru,LEGACY,23.0
2019,TOYOTA,AVALON,25.0
2019,TOYOTA,AVALON HYBRID,43.0
2019,TOYOTA,AVALON HYBRID XLE,44.0
2019,TOYOTA,AVALON XLE,26.0
2019,TOYOTA,CAMRY,34.0
2019,TOYOTA,CAMRY,26.0
2019,TOYOTA,CAMRY HYBRID LE,52.0
2019,TOYOTA,CAMRY HYBRID XLE/SE,46.0
2019,TOYOTA,CAMRY LE/SE,32.0
2019,TOYOTA,CAMRY XLE/XSE,32.0
2019,TOYOTA,CAMRY XSE,26.0
2019,TOYOTA,COROLLA,32.0
2019,TOYOTA,COROLLA,31.0
2019,TOYOTA,COROLLA,30.0
2019,TOYOTA,COROLLA LE ECO,34.0
2019,TOYOTA,COROLLA LE ECO,33.0
2019,TOYOTA,PRIUS,52.0
2019,TOYOTA,PRIUS AWD,50.0
2019,TOYOTA,PRIUS Eco,56.0
2019,Volkswagen,Passat,29.0
2019,"Volvo Cars of North America, LLC",S90 AWD,25.0
2019,"Volvo Cars of North America, LLC",S90 AWD,26.0
2019,"Volvo Cars of North America, LLC",S90 FWD,27.0
2019,Audi,A8L,22.0
2019,Audi,A8L,18.0
2019,BMW,330i xDrive Gran Turismo,27.0
2019,BMW,340i xDrive Gran Turismo,23.0
2019,BMW,640i xDrive Gran Turismo,23.0
2019,BMW,740i,24.0
2019,BMW,740i xDrive,23.0
2019,BMW,750i,21.0
2019,BMW,750i xDrive,20.0
2019,BMW,Alpina B7 xDrive,20.0
2019,BMW,M760i xDrive,16.0
2019,BMW,X1 sDrive28i,26.0
2019,BMW,X1 xDrive28i,25.0
2019,Cadillac,CT6,28.0
2019,Cadillac,CT6 AWD,21.0
2019,Cadillac,CT6 AWD,21.0
2019,Cadillac,CT6 AWD,17.0
2019,Cadillac,XTS,22.0
2019,Cadillac,XTS AWD,20.0
2019,Cadillac,XTS AWD,18.0
2019,Chevrolet,IMPALA,25.0
2019,Chevrolet,IMPALA,22.0
2019,Chevrolet,IMPALA,22.0
2019,Chrysler,300,23.0
2019,Chrysler,300,23.0
2019,Chrysler,300,19.0
2019,Chrysler,300 AWD,21.0
2019,Chrysler,300 AWD,21.0
2019,Dodge,Charger,23.0
2019,Dodge,Charger,23.0
2019,Dodge,Charger,19.0
2019,Dodge,Charger,18.0
2019,Dodge,Charger AWD,21.0
2019,Dodge,Charger SRT,16.0
2019,Ford,TAURUS AWD,19.0
2019,Ford,TAURUS AWD,19.0
2019,Ford,TAURUS AWD FFV,19.0
2019,Ford,TAURUS FWD,21.0
2019,Ford,TAURUS FWD FFV,21.0
2019,GENESIS,G80 AWD,20.0
2019,GENESIS,G80 AWD,20.0
2019,GENESIS,G80 AWD,18.0
2019,GENESIS,G80 RWD,20.0
2019,GENESIS,G80 RWD,21.0
2019,GENESIS,G80 RWD,19.0
2019,GENESIS,G90 AWD,20.0
2019,GENESIS,G90 AWD,18.0
2019,GENESIS,G90 RWD,20.0
2019,GENESIS,G90 RWD,19.0
2019,Honda,ACCORD,33.0
2019,Honda,ACCORD,31.0
2019,Honda,ACCORD,30.0
2019,Honda,ACCORD,27.0
2019,Honda,ACCORD,48.0
2019,Honda,ACCORD,26.0
2019,Honda,CIVIC 5Dr,34.0
2019,Honda,CIVIC 5Dr,32.0
2019,Honda,CIVIC 5Dr,33.0
2019,Honda,CIVIC 5Dr,25.0
2019,HYUNDAI MOTOR COMPANY,Elantra GT,28.0
2019,HYUNDAI MOTOR COMPANY,Elantra GT,26.0
2019,HYUNDAI MOTOR COMPANY,Elantra GT,27.0
2019,HYUNDAI MOTOR COMPANY,Ioniq,55.0
2019,HYUNDAI MOTOR COMPANY,Ioniq Blue,58.0
2019,HYUNDAI MOTOR COMPANY,Sonata,31.0
2019,HYUNDAI MOTOR COMPANY,Sonata,26.0
2019,HYUNDAI MOTOR COMPANY,Sonata,28.0
2019,HYUNDAI MOTOR COMPANY,Sonata SE,29.0
2019,Jaguar,XJ,21.0
2019,Jaguar,XJ,18.0
2019,Jaguar,XJ AWD,20.0
2019,Jaguar,XJL,21.0
2019,Jaguar,XJL,18.0
2019,Jaguar,XJL AWD,20.0
2019,KIA MOTORS CORPORATION,Cadenza,23.0
2019,KIA MOTORS CORPORATION,K900,21.0
2019,KIA MOTORS CORPORATION,Optima,31.0
2019,KIA MOTORS CORPORATION,Optima,24.0
2019,KIA MOTORS CORPORATION,Optima,27.0
2019,KIA MOTORS CORPORATION,Optima FE,29.0
2019,Lincoln,CONTINENTAL AWD,20.0
2019,Lincoln,CONTINENTAL AWD,19.0
2019,Lincoln,CONTINENTAL AWD,19.0
2019,Lincoln,CONTINENTAL COACH,19.0
2019,Lincoln,CONTINENTAL FWD,21.0
2019,Lincoln,CONTINENTAL FWD,20.0
2019,MASERATI,QUATTROPORTE S,18.0
2019,MASERATI,QUATTROPORTE SQ4 V6,18.0
2019,MASERATI,QUATTROPORTE V8,17.0
2019,Mercedes-Benz,AMG S 63 4MATIC,20.0
2019,Mercedes-Benz,AMG S 65,16.0
2019,Mercedes-Benz,Maybach S 650,16.0
2019,Mercedes-Benz,S 450,22.0
2019,Mercedes-Benz,S 450 4MATIC,22.0
2019,Mercedes-Benz,S 560,21.0
2019,Mercedes-Benz,S 560 4MATIC,21.0
2019,Mercedes-Benz,S 560 4MATIC Maybach,19.0
2019,Porsche,Panamera,22.0
2019,Porsche,Panamera 4,22.0
2019,Porsche,Panamera 4 Executive,22.0
2019,Porsche,Panamera 4 ST,22.0
2019,Porsche,Panamera 4S,21.0
2019,Porsche,Panamera 4S Executive,21.0
2019,Porsche,Panamera 4S ST,20.0
2019,Porsche,Panamera GTS,19.0
2019,Porsche,Panamera GTS ST,18.0
2019,Porsche,Panamera Turbo,21.0
2019,Porsche,Panamera Turbo Executive,21.0
2019,Porsche,Panamera Turbo ST,20.0
2019,Rolls-Royce Motor Cars Limited,Ghost,14.0
2019,Rolls-Royce Motor Cars Limited,Ghost EWB,14.0
2019,Rolls-Royce Motor Cars Limited,Phantom,14.0
2019,Rolls-Royce Motor Cars Limited,Phantom EWB,14.0
2019,Volkswagen,Arteon,25.0
2019,Volkswagen,Arteon 4Motion,23.0
2019,Audi,A4 allroad quattro,25.0
2019,BMW,330i xDrive Sports Wagon,27.0
2019,Buick,REGAL TOUR X AWD,24.0
2019,Chevrolet,SONIC 5,29.0
2019,Chevrolet,SONIC 5,29.0
2019,FIAT,500L,25.0
2019,Honda,FIT,36.0
2019,Honda,FIT,33.0
2019,Honda,FIT,31.0
2019,Honda,HR-V AWD,29.0
2019,Honda,HR-V AWD,28.0
2019,Honda,HR-V FWD,30.0
2019,Honda,HR-V FWD,30.0
2019,KIA MOTORS CORPORATION,Niro,49.0
2019,KIA MOTORS CORPORATION,Niro FE,50.0
2019,KIA MOTORS CORPORATION,Niro Touring,43.0
2019,KIA MOTORS CORPORATION,Soul,28.0
2019,KIA MOTORS CORPORATION,Soul,28.0
2019,KIA MOTORS CORPORATION,Soul,27.0
2019,KIA MOTORS CORPORATION,Soul,27.0
2019,NISSAN,Rogue Sport,28.0
2019,NISSAN,Rogue Sport AWD,27.0
2019,Subaru,IMPREZA 5-Door,31.0
2019,Subaru,IMPREZA 5-Door,26.0
2019,Subaru,IMPREZA 5-Door SPORT,30.0
2019,Subaru,IMPREZA 5-Door SPORT,25.0
2019,Volkswagen,Golf Alltrack,25.0
2019,Volkswagen,Golf Alltrack,24.0
2019,Volkswagen,Golf SportWagen,31.0
2019,Volkswagen,Golf SportWagen,32.0
2019,Volkswagen,Golf SportWagen 4Motion,24.0
2019,Volkswagen,Golf SportWagen 4Motion,25.0
2019,"Volvo Cars of North America, LLC",V60 AWD,25.0
2019,"Volvo Cars of North America, LLC",V60 CC AWD,25.0
2019,"Volvo Cars of North America, LLC",V60 FWD,28.0
2019,Jaguar,XF Sportbrake AWD,21.0
2019,Mercedes-Benz,AMG E 63 S 4MATIC (Station Wagon,19.0
2019,Mercedes-Benz,AMG GLA 45 4MATIC,25.0
2019,Mercedes-Benz,E 450 4MATIC (station wagon),22.0
2019,NISSAN,MURANO AWD,23.0
2019,NISSAN,MURANO FWD,23.0
2019,Rolls-Royce Motor Cars Limited,Cullinan,14.0
2019,"Volvo Cars of North America, LLC",V90 AWD,25.0
2019,"Volvo Cars of North America, LLC",V90 CC AWD,24.0
2019,"Volvo Cars of North America, LLC",V90 CC AWD,25.0
2019,"Volvo Cars of North America, LLC",V90 FWD,27.0
2019,Chevrolet,COLORADO 2WD,22.0
2019,Chevrolet,COLORADO 2WD,22.0
2019,Chevrolet,COLORADO 2WD,23.0
2019,Chevrolet,COLORADO 2WD,20.0
2019,GMC,CANYON 2WD,22.0
2019,GMC,CANYON 2WD,22.0
2019,GMC,CANYON 2WD,23.0
2019,GMC,CANYON 2WD,20.0
2019,Honda,RIDGELINE FWD,22.0
2019,NISSAN,FRONTIER 2WD,19.0
2019,NISSAN,FRONTIER 2WD,21.0
2019,NISSAN,FRONTIER 2WD,19.0
2019,NISSAN,FRONTIER 2WD,19.0
2019,NISSAN,FRONTIER 2WD FFV,18.0
2019,TOYOTA,TACOMA 2WD,21.0
2019,TOYOTA,TACOMA 2WD,21.0
2019,Chevrolet,COLORADO 4WD,21.0
2019,Chevrolet,COLORADO 4WD,22.0
2019,Chevrolet,COLORADO 4WD,19.0
2019,Chevrolet,COLORADO ZR2 4WD,19.0
2019,Chevrolet,COLORADO ZR2 4WD,17.0
2019,GMC,CANYON 4WD,21.0
2019,GMC,CANYON 4WD,22.0
2019,GMC,CANYON 4WD,19.0
2019,NISSAN,FRONTIER 4WD,17.0
2019,NISSAN,FRONTIER 4WD,18.0
2019,NISSAN,FRONTIER 4WD FFV,17.0
2019,TOYOTA,TACOMA 4WD,20.0
2019,TOYOTA,TACOMA 4WD,20.0
2019,TOYOTA,TACOMA 4WD,18.0
2019,TOYOTA,TACOMA 4WD D-CAB V6 MT OFF-ROAD,18.0
2019,TOYOTA,TACOMA 4WD TRD PRO,20.0
2019,TOYOTA,TACOMA 4WD TRD PRO,18.0
2019,Chevrolet,C10 SILVERADO 2WD,21.0
2019,Chevrolet,C10 SILVERADO 2WD,20.0
2019,Chevrolet,C10 SILVERADO 2WD,17.0
2019,Chevrolet,C10 SILVERADO 2WD,17.0
2019,Chevrolet,C10 SILVERADO 2WD,17.0
2019,Chevrolet,C10 SILVERADO 2WD,19.0
2019,Chevrolet,C10 SILVERADO 2WD,19.0
2019,Chevrolet,C15 SILVERADO LD 2WD,17.0
2019,Ford,F150 2.7L 2WD GVWR>6649 LBS,21.0
2019,Ford,F150 2WD BASE PAYLOAD LT TIRE,21.0
2019,Ford,F150 2WD BASE PAYLOAD LT TIRE,24.0
2019,Ford,F150 2WD BASE PAYLOAD LT TIRE,19.0
2019,Ford,F150 2WD FFV BASE PAYLOAD LT,21.0
2019,Ford,F150 2WD FFV BASE PAYLOAD LT,18.0
2019,Ford,F150 3.5L 2WD GVWR>7599 LBS,19.0
2019,Ford,F150 5.0L 2WD FFV GVWR>7599 LBS,17.0
2019,Ford,F150 PICKUP 2WD,22.0
2019,Ford,F150 PICKUP 2WD,25.0
2019,Ford,F150 PICKUP 2WD,21.0
2019,Ford,F150 PICKUP 2WD FFV,22.0
2019,Ford,F150 PICKUP 2WD FFV,19.0
2019,Ford,F150 PICKUP 2WD LIMITED,19.0
2019,Ford,RANGER 2WD,23.0
2019,GMC,C10 SIERRA 2WD,21.0
2019,GMC,C10 SIERRA 2WD,20.0
2019,GMC,C10 SIERRA 2WD,17.0
2019,GMC,C10 SIERRA 2WD,17.0
2019,GMC,C10 SIERRA 2WD,17.0
2019,GMC,C10 SIERRA 2WD,19.0
2019,GMC,C10 SIERRA 2WD,19.0
2019,GMC,C15 SIERRA LTD 2WD,17.0
2019,NISSAN,TITAN 2WD,18.0
2019,RAM,1500 4X2,22.0
2019,RAM,1500 4X2,19.0
2019,RAM,1500 4X2,17.0
2019,RAM,1500 Classic 4X2,23.0
2019,RAM,1500 Classic 4X2,20.0
2019,RAM,1500 Classic 4X2,17.0
2019,RAM,1500 HFE 4X2,23.0
2019,"Roush Industries, Inc.",F150 Pickup 2WD,12.0
2019,TOYOTA,TUNDRA 2WD,16.0
2019,TOYOTA,TUNDRA 2WD,15.0
2019,Chevrolet,K10 SILVERADO 4WD,20.0
2019,Chevrolet,K10 SILVERADO 4WD,19.0
2019,Chevrolet,K10 SILVERADO 4WD,17.0
2019,Chevrolet,K10 SILVERADO 4WD,16.0
2019,Chevrolet,K10 SILVERADO 4WD,17.0
2019,Chevrolet,K10 SILVERADO 4WD,18.0
2019,Chevrolet,K10 SILVERADO 4WD,17.0
2019,Chevrolet,K10 SILVERADO 4WD TRAILBOSS,16.0
2019,Chevrolet,K10 SILVERADO 4WD TRAILBOSS,16.0
2019,Chevrolet,K10 SILVERADO 4WD TRAILBOSS,17.0
2019,Chevrolet,K15 SILVERADO LD 4WD,17.0
2019,Ford,F150 2.7L 4WD GVWR>6799 LBS,20.0
2019,Ford,F150 3.5L 4WD GVWR>7599 LBS,18.0
2019,Ford,F150 4WD BASE PAYLOAD LT TIRE,20.0
2019,Ford,F150 4WD BASE PAYLOAD LT TIRE,22.0
2019,Ford,F150 4WD BASE PAYLOAD LT TIRE,18.0
2019,Ford,F150 4WD FFV BASE PAYLOAD LT,19.0
2019,Ford,F150 4WD FFV BASE PAYLOAD LT,17.0
2019,Ford,F150 5.0L 4WD FFV GVWR>7599 LBS,16.0
2019,Ford,F150 PICKUP 4WD,21.0
2019,Ford,F150 PICKUP 4WD,22.0
2019,Ford,F150 PICKUP 4WD,19.0
2019,Ford,F150 PICKUP 4WD FFV,20.0
2019,Ford,F150 PICKUP 4WD FFV,18.0
2019,Ford,F150 PICKUP 4WD LIMITED,19.0
2019,Ford,F150 PICKUP 4WD XL/XLT,24.0
2019,Ford,F150 RAPTOR 4WD,16.0
2019,Ford,RANGER 4WD,22.0
2019,GMC,K10 SIERRA 4WD,20.0
2019,GMC,K10 SIERRA 4WD,19.0
2019,GMC,K10 SIERRA 4WD,17.0
2019,GMC,K10 SIERRA 4WD,16.0
2019,GMC,K10 SIERRA 4WD,17.0
2019,GMC,K10 SIERRA 4WD,17.0
2019,GMC,K10 SIERRA 4WD,17.0
2019,GMC,K10 SIERRA 4WD AT4,17.0
2019,GMC,K10 SIERRA 4WD AT4,17.0
2019,GMC,K15 SIERRA LTD 4WD,17.0
2019,Honda,RIDGELINE AWD,21.0
2019,NISSAN,TITAN 4WD,18.0
2019,NISSAN,TITAN 4WD PRO-4X,17.0
2019,RAM,1500 4X4,21.0
2019,RAM,1500 4X4,19.0
2019,RAM,1500 4X4,17.0
2019,RAM,1500 Classic 4X4,22.0
2019,RAM,1500 Classic 4X4,19.0
2019,RAM,1500 Classic 4X4,17.0
2019,"Roush Industries, Inc.",F150 Pickup 4WD,12.0
2019,TOYOTA,TUNDRA 4WD,16.0
2019,TOYOTA,TUNDRA 4WD,14.0
2019,TOYOTA,TUNDRA 4WD FFV,15.0
2019,Ford,Transit T150 Wagon,16.0
2019,Ford,Transit T150 Wagon,15.0
2019,Ford,TRANSIT T150 WAGON FFV,15.0
2019,Cadillac,XTS HEARSE,17.0
2019,Cadillac,XTS LIMO,17.0
2019,Ford,RANGER 2WD INCOMPLETE,18.0
2019,Ford,TRANSIT CONNECT USPS,22.0
2019,Ford,Transit Connect Van 2WD,25.0
2019,Ford,Transit Connect Van 2WD,22.0
2019,Ford,TRANSIT CONNECT VAN FFV,25.0
2019,Ford,TRANSIT CONNECT WAGON LWB FFV,26.0
2019,Ford,Transit Connect Wagon LWB FWD,26.0
2019,Ford,Transit Connect Wagon LWB FWD,22.0
2019,Mercedes-Benz,Metris (Cargo Van),22.0
2019,Mercedes-Benz,"Metris (Cargo Van, LWB)",22.0
2019,Mercedes-Benz,Metris (Passenger Van),21.0
2019,NISSAN,NV200 Cargo Van,25.0
2019,NISSAN,NV200 NYC Taxi,24.0
2019,RAM,Promaster City,24.0
2019,Lincoln,MKT HEARSE AWD,16.0
2019,Lincoln,MKT LIMO AWD,15.0
2019,Lincoln,MKT LIVERY AWD,18.0
2019,Chevrolet,C10 SILVERADO 2WD CAB CHASSIS,17.0
2019,Chevrolet,C10 SILVERADO 2WD CAB CHASSIS,16.0
2019,Chevrolet,COLORADO CAB CHASSIS 2WD,15.0
2019,Chevrolet,K10 SILVERADO 4WD CAB CHASSIS,15.0
2019,Chevrolet,K10 SILVERADO 4WD CAB CHASSIS,15.0
2019,GMC,C10 SIERRA 2WD CAB CHASSIS,17.0
2019,GMC,C10 SIERRA 2WD CAB CHASSIS,16.0
2019,GMC,CANYON CAB CHASSIS 2WD,15.0
2019,GMC,K10 SIERRA 4WD CAB CHASSIS,15.0
2019,GMC,K10 SIERRA 4WD CAB CHASSIS,15.0
2019,Chrysler,Pacifica,22.0
2019,Chrysler,Pacifica,22.0
2019,Dodge,Grand Caravan,20.0
2019,Dodge,Grand Caravan,20.0
2019,Honda,ODYSSEY FWD,22.0
2019,Honda,ODYSSEY FWD,22.0
2019,KIA MOTORS CORPORATION,Sedona,21.0
2019,TOYOTA,SIENNA,22.0
2019,TOYOTA,SIENNA AWD,20.0
2019,Acura,MDX FWD,23.0
2019,Acura,RDX FWD,24.0
2019,Acura,RDX FWD A-SPEC,24.0
2019,ALFA ROMEO,Stelvio,25.0
2019,Buick,ENCORE,27.0
2019,Buick,ENCORE,28.0
2019,Buick,ENVISION FWD,25.0
2019,Cadillac,XT4 FWD,26.0
2019,Cadillac,XT5,22.0
2019,Chevrolet,BLAZER FWD,24.0
2019,Chevrolet,BLAZER FWD,22.0
2019,Chevrolet,EQUINOX FWD,28.0
2019,Chevrolet,EQUINOX FWD,32.0
2019,Chevrolet,EQUINOX FWD,25.0
2019,Chevrolet,TRAX,28.0
2019,Dodge,Journey,21.0
2019,Dodge,Journey,19.0
2019,Ford,ECOSPORT FWD,28.0
2019,Ford,EDGE FWD,25.0
2019,Ford,ESCAPE FWD,26.0
2019,Ford,ESCAPE FWD,25.0
2019,Ford,ESCAPE FWD,24.0
2019,Ford,ESCAPE FWD FFV,24.0
2019,GMC,TERRAIN FWD,28.0
2019,GMC,TERRAIN FWD,32.0
2019,GMC,TERRAIN FWD,24.0
2019,Honda,CR-V FWD,30.0
2019,Honda,CR-V FWD,28.0
2019,Honda,PASSPORT FWD,22.0
2019,Honda,PILOT FWD,22.0
2019,Honda,PILOT FWD,23.0
2019,HYUNDAI MOTOR COMPANY,Kona FWD,30.0
2019,HYUNDAI MOTOR COMPANY,Kona FWD,30.0
2019,HYUNDAI MOTOR COMPANY,Santa Fe FWD,22.0
2019,HYUNDAI MOTOR COMPANY,Santa Fe FWD,25.0
2019,HYUNDAI MOTOR COMPANY,Santa Fe XL FWD,21.0
2019,HYUNDAI MOTOR COMPANY,Santa Fe XL Ultimate FWD,20.0
2019,HYUNDAI MOTOR COMPANY,Tucson FWD,26.0
2019,HYUNDAI MOTOR COMPANY,Tucson FWD,25.0
2019,INFINITI,QX50,27.0
2019,INFINITI,QX60 FWD,22.0
2019,Jeep,Cherokee FWD,26.0
2019,Jeep,Cherokee FWD,25.0
2019,Jeep,Cherokee FWD,23.0
2019,Jeep,Compass 4X2,25.0
2019,Jeep,Compass 4X2,26.0
2019,Jeep,Renegade 4x2,27.0
2019,Jeep,Renegade 4x2,25.0
2019,KIA MOTORS CORPORATION,Sorento FWD,25.0
2019,KIA MOTORS CORPORATION,Sorento FWD,22.0
2019,KIA MOTORS CORPORATION,Sportage FE FWD,25.0
2019,KIA MOTORS CORPORATION,Sportage FWD,23.0
2019,KIA MOTORS CORPORATION,Sportage FWD,25.0
2019,LEXUS,NX 300,25.0
2019,LEXUS,RX 350,23.0
2019,LEXUS,RX 350L,22.0
2019,Lincoln,MKC  FWD,23.0
2019,Lincoln,NAUTILUS FWD,23.0
2019,Lincoln,NAUTILUS FWD,22.0
2019,MAZDA,CX-5 2WD,29.0
2019,MAZDA,CX-5 2WD,28.0
2019,MAZDA,CX-5 2WD,25.0
2019,MAZDA,CX-9 2WD,24.0
2019,Mercedes-Benz,GLA 250,27.0
2019,Mercedes-Benz,GLC 300,24.0
2019,Mitsubishi Motors Corporation,ECLIPSE CROSS 2WD,26.0
2019,Mitsubishi Motors Corporation,ECLIPSE CROSS ES 2WD,27.0
2019,Mitsubishi Motors Corporation,OUTLANDER 2WD,27.0
2019,Mitsubishi Motors Corporation,OUTLANDER SPORT 2WD,27.0
2019,Mitsubishi Motors Corporation,OUTLANDER SPORT 2WD,25.0
2019,Mitsubishi Motors Corporation,OUTLANDER SPORT 2WD,25.0
2019,NISSAN,PATHFINDER 2WD,23.0
2019,NISSAN,ROGUE FWD,29.0
2019,NISSAN,ROGUE FWD Hybrid,34.0
2019,TOYOTA,HIGHLANDER,22.0
2019,TOYOTA,HIGHLANDER,23.0
2019,TOYOTA,HIGHLANDER LE/XLE/SE/LTD,23.0
2019,TOYOTA,RAV4,30.0
2019,Volkswagen,Atlas,22.0
2019,Volkswagen,Atlas,19.0
2019,Volkswagen,Tiguan,25.0
2019,"Volvo Cars of North America, LLC",XC40 FWD,27.0
2019,"Volvo Cars of North America, LLC",XC60 FWD,24.0
2019,Acura,MDX AWD,27.0
2019,Acura,MDX AWD,22.0
2019,Acura,MDX AWD A-spec,21.0
2019,Acura,RDX AWD,23.0
2019,Acura,RDX AWD A-SPEC,23.0
2019,ALFA ROMEO,Stelvio AWD,24.0
2019,ALFA ROMEO,Stelvio AWD,19.0
2019,Audi,Q3 quattro,22.0
2019,Audi,Q5,24.0
2019,Audi,SQ5,21.0
2019,BMW,X3 M40i,23.0
2019,BMW,X3 sDrive30i,26.0
2019,BMW,X3 xDrive30i,25.0
2019,BMW,X4 M40i,23.0
2019,BMW,X4 xDrive30i,25.0
2019,Buick,ENCORE AWD,26.0
2019,Buick,ENCORE AWD,27.0
2019,Buick,ENVISION AWD,22.0
2019,Buick,ENVISION AWD,24.0
2019,Cadillac,XT4 AWD,24.0
2019,Cadillac,XT5 AWD,21.0
2019,Chevrolet,BLAZER AWD,21.0
2019,Chevrolet,EQUINOX AWD,27.0
2019,Chevrolet,EQUINOX AWD,32.0
2019,Chevrolet,EQUINOX AWD,24.0
2019,Chevrolet,TRAX AWD,26.0
2019,Dodge,Journey AWD,19.0
2019,FIAT,500X AWD,26.0
2019,Ford,ECOSPORT AWD,25.0
2019,Ford,EDGE AWD,23.0
2019,Ford,EDGE AWD,21.0
2019,Ford,ESCAPE AWD,24.0
2019,Ford,ESCAPE AWD,23.0
2019,GMC,TERRAIN AWD,26.0
2019,GMC,TERRAIN AWD,32.0
2019,GMC,TERRAIN AWD,23.0
2019,Honda,CR-V AWD,29.0
2019,Honda,CR-V AWD,27.0
2019,Honda,PASSPORT AWD,21.0
2019,Honda,PILOT AWD,21.0
2019,Honda,PILOT AWD,22.0
2019,HYUNDAI MOTOR COMPANY,Kona AWD,27.0
2019,HYUNDAI MOTOR COMPANY,Kona AWD,27.0
2019,HYUNDAI MOTOR COMPANY,Santa Fe AWD,21.0
2019,HYUNDAI MOTOR COMPANY,Santa Fe AWD,23.0
2019,HYUNDAI MOTOR COMPANY,Santa Fe XL AWD,20.0
2019,HYUNDAI MOTOR COMPANY,Santa Fe XL Ultimate AWD,19.0
2019,HYUNDAI MOTOR COMPANY,Tucson AWD,23.0
2019,HYUNDAI MOTOR COMPANY,Tucson AWD,23.0
2019,INFINITI,QX50 AWD,26.0
2019,INFINITI,QX60 AWD,22.0
2019,Jaguar,F-Pace,29.0
2019,Jaguar,F-Pace,24.0
2019,Jaguar,F-Pace,20.0
2019,Jaguar,F-Pace,18.0
2019,Jaguar,Jaguar E-Pace P250,24.0
2019,Jaguar,Jaguar E-Pace P300,23.0
2019,Jeep,Cherokee 4X4,24.0
2019,Jeep,Cherokee 4X4,24.0
2019,Jeep,Cherokee 4X4,22.0
2019,Jeep,Cherokee 4x4 Active Drive II,23.0
2019,Jeep,Cherokee 4x4 Active Drive II,21.0
2019,Jeep,Cherokee Trailhawk 4X4,22.0
2019,Jeep,Cherokee Trailhawk 4X4,21.0
2019,Jeep,Compass 4X4,25.0
2019,Jeep,Compass 4X4,25.0
2019,Jeep,Renegade 4x4,26.0
2019,Jeep,Renegade 4x4,24.0
2019,Jeep,Renegade Trailhawk 4x4,24.0
2019,Jeep,Wrangler 4X4,24.0
2019,Jeep,Wrangler 4X4,20.0
2019,Jeep,Wrangler 4X4,20.0
2019,Jeep,Wrangler Unlimited 4X4,22.0
2019,Jeep,Wrangler Unlimited 4X4,20.0
2019,Jeep,Wrangler Unlimited 4X4,19.0
2019,KIA MOTORS CORPORATION,Sorento AWD,23.0
2019,KIA MOTORS CORPORATION,Sorento AWD,21.0
2019,KIA MOTORS CORPORATION,Sportage AWD,21.0
2019,KIA MOTORS CORPORATION,Sportage AWD,23.0
2019,KIA MOTORS CORPORATION,Sportage FE AWD,22.0
2019,Land Rover,Discovery Sport,22.0
2019,Land Rover,Discovery Sport Si4,22.0
2019,Land Rover,Range Rover Evoque 237HP,25.0
2019,Land Rover,Range Rover Evoque 286HP,24.0
2019,Land Rover,Range Rover Evoque Cabriolet,24.0
2019,Land Rover,Range Rover Velar,28.0
2019,Land Rover,Range Rover Velar,23.0
2019,Land Rover,Range Rover Velar,20.0
2019,LEXUS,NX 300 AWD,24.0
2019,LEXUS,NX 300 AWD F SPORT,24.0
2019,LEXUS,NX 300h AWD,31.0
2019,LEXUS,RX 350 AWD,22.0
2019,LEXUS,RX 350L AWD,21.0
2019,Lincoln,MKC  AWD,22.0
2019,Lincoln,MKC  AWD,21.0
2019,Lincoln,MKC  AWD,20.0
2019,Lincoln,NAUTILUS AWD,22.0
2019,Lincoln,NAUTILUS AWD,21.0
2019,MAZDA,CX-5 4WD,28.0
2019,MAZDA,CX-5 4WD,26.0
2019,MAZDA,CX-5 4WD,24.0
2019,MAZDA,CX-9 4WD,23.0
2019,Mercedes-Benz,AMG GLC 43 4MATIC,21.0
2019,Mercedes-Benz,AMG GLC 43 4MATIC (coupe),21.0
2019,Mercedes-Benz,AMG GLC 63 4MATIC,18.0
2019,Mercedes-Benz,AMG GLC 63 4MATIC (coupe),18.0
2019,Mercedes-Benz,AMG GLC 63 S 4MATIC (coupe),18.0
2019,Mercedes-Benz,GLA 250 4MATIC,26.0
2019,Mercedes-Benz,GLA 250 4MATIC,26.0
2019,Mercedes-Benz,GLC 300 4MATIC,24.0
2019,Mercedes-Benz,GLC 300 4MATIC (Coupe),23.0
2019,Mitsubishi Motors Corporation,ECLIPSE CROSS 4WD,25.0
2019,Mitsubishi Motors Corporation,ECLIPSE CROSS ES 4WD,26.0
2019,Mitsubishi Motors Corporation,OUTLANDER 4WD,26.0
2019,Mitsubishi Motors Corporation,OUTLANDER 4WD,22.0
2019,Mitsubishi Motors Corporation,OUTLANDER SPORT 4WD,26.0
2019,Mitsubishi Motors Corporation,OUTLANDER SPORT 4WD,25.0
2019,NISSAN,PATHFINDER 4WD,22.0
2019,NISSAN,PATHFINDER 4WD PLATINUM,21.0
2019,NISSAN,ROGUE AWD,27.0
2019,NISSAN,ROGUE AWD Hybrid,33.0
2019,Porsche,Macan,21.0
2019,Porsche,Macan S,20.0
2019,Subaru,CROSSTREK AWD,29.0
2019,Subaru,CROSSTREK AWD,25.0
2019,Subaru,FORESTER AWD,29.0
2019,Subaru,OUTBACK AWD,28.0
2019,Subaru,OUTBACK AWD,22.0
2019,TOYOTA,RAV4 AWD,28.0
2019,TOYOTA,RAV4 AWD,30.0
2019,TOYOTA,RAV4 HYBRID AWD,40.0
2019,Volkswagen,Tiguan 4Motion,24.0
2019,"Volvo Cars of North America, LLC",XC40 AWD,26.0
2019,"Volvo Cars of North America, LLC",XC60 AWD,22.0
2019,"Volvo Cars of North America, LLC",XC60 AWD,23.0
2019,BMW,X6 sDrive35i,20.0
2019,Buick,ENCLAVE,21.0
2019,Cadillac,ESCALADE 2WD,17.0
2019,Chevrolet,C1500 SUBURBAN 2WD,18.0
2019,Chevrolet,C1500 SUBURBAN 2WD,18.0
2019,Chevrolet,C1500 SUBURBAN 2WD,17.0
2019,Chevrolet,C1500 TAHOE 2WD,18.0
2019,Chevrolet,C1500 TAHOE 2WD,18.0
2019,Chevrolet,C1500 TAHOE 2WD,17.0
2019,Chevrolet,TRAVERSE FWD,22.0
2019,Chevrolet,TRAVERSE FWD,21.0
2019,Dodge,Durango RWD,21.0
2019,Dodge,Durango RWD,17.0
2019,Ford,Expedition 2WD,20.0
2019,Ford,Expedition MAX 2WD,19.0
2019,Ford,EXPLORER FFV 2WD,20.0
2019,Ford,EXPLORER FWD,22.0
2019,Ford,EXPLORER FWD,20.0
2019,Ford,Flex FWD,19.0
2019,GMC,ACADIA FWD,23.0
2019,GMC,ACADIA FWD,21.0
2019,GMC,C1500 YUKON 2WD,18.0
2019,GMC,C1500 YUKON 2WD,18.0
2019,GMC,C1500 YUKON 2WD,17.0
2019,GMC,C1500 YUKON XL 2WD,18.0
2019,GMC,C1500 YUKON XL 2WD,18.0
2019,GMC,C1500 YUKON XL 2WD,17.0
2019,INFINITI,QX80 2WD,16.0
2019,Jeep,Grand Cherokee 4X2,21.0
2019,Lincoln,MKT FWD,19.0
2019,Lincoln,Navigator 2WD,19.0
2019,Lincoln,Navigator L 2WD,18.0
2019,NISSAN,ARMADA 2WD,16.0
2019,TOYOTA,4RUNNER 2WD,18.0
2019,TOYOTA,SEQUOIA 2WD,15.0
2019,"Volvo Cars of North America, LLC",XC90 FWD,24.0
2019,Audi,Q7,21.0
2019,Audi,Q7,21.0
2019,Audi,Q8,19.0
2019,Bentley,Bentayga,17.0
2019,BMW,X5 xDrive40i,22.0
2019,BMW,X5 xDrive50i,19.0
2019,BMW,X6 M,16.0
2019,BMW,X6 xDrive35i,20.0
2019,BMW,X6 xDrive50i,19.0
2019,BMW,X7 xDrive40i,22.0
2019,BMW,X7 xDrive50i,17.0
2019,Buick,ENCLAVE AWD,20.0
2019,Cadillac,ESCALADE 4WD,17.0
2019,Chevrolet,K1500 SUBURBAN 4WD,16.0
2019,Chevrolet,K1500 SUBURBAN 4WD,16.0
2019,Chevrolet,K1500 SUBURBAN 4WD,16.0
2019,Chevrolet,K1500 TAHOE 4WD,17.0
2019,Chevrolet,K1500 TAHOE 4WD,17.0
2019,Chevrolet,K1500 TAHOE 4WD,17.0
2019,Chevrolet,TRAVERSE AWD,20.0
2019,Dodge,Durango AWD,21.0
2019,Dodge,Durango AWD,17.0
2019,Dodge,Durango SRT AWD,15.0
2019,Ford,Expedition 4WD,19.0
2019,Ford,Expedition MAX 4WD,18.0
2019,Ford,EXPLORER AWD,21.0
2019,Ford,EXPLORER AWD,19.0
2019,Ford,EXPLORER AWD,18.0
2019,Ford,EXPLORER FFV AWD,18.0
2019,Ford,FLEX AWD,17.0
2019,Ford,FLEX AWD,18.0
2019,GMC,ACADIA AWD,22.0
2019,GMC,ACADIA AWD,20.0
2019,GMC,K1500 YUKON 4WD,17.0
2019,GMC,K1500 YUKON 4WD,17.0
2019,GMC,K1500 YUKON 4WD,17.0
2019,GMC,K1500 YUKON XL 4WD,16.0
2019,GMC,K1500 YUKON XL 4WD,16.0
2019,GMC,K1500 YUKON XL 4WD,16.0
2019,INFINITI,QX80 4WD,15.0
2019,Jeep,Grand Cherokee 4X4,24.0
2019,Jeep,Grand Cherokee 4X4,21.0
2019,Jeep,Grand Cherokee 4X4,17.0
2019,Jeep,Grand Cherokee SRT 4x4,15.0
2019,Jeep,Grand Cherokee Trackhawk 4x4,13.0
2019,Lamborghini,Urus,14.0
2019,Land Rover,Discovery,23.0
2019,Land Rover,Discovery,18.0
2019,Land Rover,Range Rover,18.0
2019,Land Rover,Range Rover LWB,18.0
2019,Land Rover,Range Rover LWB SVA,15.0
2019,Land Rover,Range Rover Sport,24.0
2019,Land Rover,Range Rover Sport,19.0
2019,Land Rover,Range Rover Sport,19.0
2019,Land Rover,Range Rover Sport MHEV,21.0
2019,Land Rover,Range Rover Sport SVR,16.0
2019,Land Rover,Range Rover SV Coupe,16.0
2019,Land Rover,Range Rover SVA,24.0
2019,Land Rover,Range Rover SVA,19.0
2019,Land Rover,Range Rover SVA,16.0
2019,LEXUS,GX 460,16.0
2019,LEXUS,LX 570,15.0
2019,LEXUS,RX 450h AWD,30.0
2019,LEXUS,RX 450hL AWD,29.0
2019,Lincoln,MKT AWD,17.0
2019,Lincoln,Navigator 4WD,18.0
2019,MASERATI,LEVANTE,17.0
2019,MASERATI,LEVANTE GTS,15.0
2019,MASERATI,LEVANTE S,17.0
2019,MASERATI,LEVANTE Trofeo,15.0
2019,Mercedes-Benz,AMG G 63,14.0
2019,Mercedes-Benz,AMG GLE 43 4MATIC,19.0
2019,Mercedes-Benz,AMG GLE 43 4MATIC (coupe),19.0
2019,Mercedes-Benz,AMG GLE 63,14.0
2019,Mercedes-Benz,AMG GLE 63 S,15.0
2019,Mercedes-Benz,AMG GLE 63 S (coupe),15.0
2019,Mercedes-Benz,AMG GLS 63,15.0
2019,Mercedes-Benz,G 550,14.0
2019,Mercedes-Benz,GLE 400 4MATIC,20.0
2019,Mercedes-Benz,GLS 450 4MATIC,18.0
2019,Mercedes-Benz,GLS 550 4MATIC,16.0
2019,NISSAN,ARMADA 4WD,15.0
2019,Porsche,Cayenne,21.0
2019,Porsche,Cayenne S,20.0
2019,Porsche,Cayenne Turbo,17.0
2019,Subaru,ASCENT,23.0
2019,Subaru,ASCENT LIMITED/TOURING,22.0
2019,TOYOTA,4RUNNER 4WD,18.0
2019,TOYOTA,4RUNNER 4WD,18.0
2019,TOYOTA,HIGHLANDER AWD,22.0
2019,TOYOTA,HIGHLANDER AWD,22.0
2019,TOYOTA,HIGHLANDER AWD LE,23.0
2019,TOYOTA,HIGHLANDER HYBRID AWD,28.0
2019,TOYOTA,HIGHLANDER HYBRID AWD LE,29.0
2019,TOYOTA,LAND CRUISER WAGON 4WD,15.0
2019,TOYOTA,SEQUOIA 4WD,14.0
2019,Volkswagen,Atlas 4Motion,19.0
2019,"Volvo Cars of North America, LLC",XC90 AWD,22.0
2019,"Volvo Cars of North America, LLC",XC90 AWD,23.0
2019,McLaren,570GT,18.0
2019,McLaren,570S Coupe,18.0
2019,McLaren,570S Spider,18.0
2019,McLaren,600LT Coupe,18.0
2019,McLaren,720S Coupe,18.0
2019,McLaren,720S Spider,18.0
2019,McLaren,Senna,16.0
2020,Acura,NSX,21.0
2020,ALFA ROMEO,4C,28.0
2020,Aston Martin Lagonda Ltd,Vantage Manual,17.0
2020,Aston Martin Lagonda Ltd,Vantage V8,20.0
2020,Audi,R8,16.0
2020,Audi,R8 Spyder,16.0
2020,Audi,TT Roadster quattro,26.0
2020,BMW,Z4 M40i,26.0
2020,BMW,Z4 sDrive30i,27.0
2020,Bugatti,Chiron,11.0
2020,Bugatti,Divo,10.0
2020,Chevrolet,CORVETTE,19.0
2020,"Ferrari North America, Inc.",488 Pista,17.0
2020,"Ferrari North America, Inc.",488 Pista Spider,17.0
2020,"Ferrari North America, Inc.",812 Superfast,13.0
2020,"Ferrari North America, Inc.",F8 Tributo,16.0
2020,FIAT,124 Spider,29.0
2020,FIAT,124 Spider,30.0
2020,Ford,FORD GT,14.0
2020,Jaguar,F-TYPE AWD Convertible,18.0
2020,Jaguar,F-TYPE AWD Coupe,18.0
2020,Jaguar,F-TYPE Convertible,26.0
2020,Jaguar,F-TYPE Convertible,23.0
2020,Jaguar,F-TYPE Coupe,26.0
2020,Jaguar,F-TYPE Coupe,23.0
2020,Jaguar,F-TYPE S AWD Convertible,21.0
2020,Jaguar,F-TYPE S AWD Coupe,21.0
2020,Jaguar,F-TYPE S Convertible,22.0
2020,Jaguar,F-TYPE S Coupe,22.0
2020,Jaguar,F-TYPE SVR AWD Convertible,18.0
2020,Jaguar,F-TYPE SVR AWD Coupe,18.0
2020,Lamborghini,Aventador Coupe,11.0
2020,Lamborghini,Aventador Roadster,11.0
2020,Lamborghini,Huracan,15.0
2020,Lamborghini,Huracan 2WD,15.0
2020,Lamborghini,Huracan Spyder,15.0
2020,Lamborghini,Huracan Spyder 2WD,15.0
2020,MAZDA,MX-5,30.0
2020,MAZDA,MX-5,29.0
2020,McLaren,570S Coupe,18.0
2020,McLaren,570S Spider,18.0
2020,McLaren,600LT Spider,18.0
2020,McLaren,620R Coupe,18.0
2020,McLaren,720S Coupe,18.0
2020,McLaren,720S Spider,18.0
2020,McLaren,GT,18.0
2020,McLaren,Speedtail,15.0
2020,Mercedes-Benz,AMG GT (coupe),18.0
2020,Mercedes-Benz,AMG GT (roadster),18.0
2020,Mercedes-Benz,AMG GT C (coupe),17.0
2020,Mercedes-Benz,AMG GT C (roadster),17.0
2020,Mercedes-Benz,AMG GT R (coupe),17.0
2020,Mercedes-Benz,AMG GT R (roadster),17.0
2020,Mercedes-Benz,AMG SLC 43,23.0
2020,Mercedes-Benz,SL 450,22.0
2020,Mercedes-Benz,SL 550,20.0
2020,Mercedes-Benz,SLC 300,27.0
2020,NISSAN,370Z,22.0
2020,NISSAN,370Z,20.0
2020,NISSAN,370Z Roadster,21.0
2020,Porsche,718 Cayman GT4,19.0
2020,Porsche,718 Spyder,19.0
2020,Porsche,Boxster,24.0
2020,Porsche,Boxster,22.0
2020,Porsche,Boxster S,22.0
2020,Porsche,Boxster S,21.0
2020,Porsche,Boxster T,23.0
2020,Porsche,Boxster T,22.0
2020,Porsche,Cayman,24.0
2020,Porsche,Cayman,22.0
2020,Porsche,Cayman S,22.0
2020,Porsche,Cayman S,21.0
2020,Porsche,Cayman T,23.0
2020,Porsche,Cayman T,22.0
2020,TOYOTA,Supra 3.0,26.0
2020,Aston Martin Lagonda Ltd,DB11 V12,18.0
2020,Aston Martin Lagonda Ltd,DB11 V8,20.0
2020,Aston Martin Lagonda Ltd,DBS,17.0
2020,Bentley,Continental GT Convertible,19.0
2020,Bentley,Continental GT Convertible,15.0
2020,"Ferrari North America, Inc.",GTC4Lusso,13.0
2020,"Ferrari North America, Inc.",GTC4Lusso T,17.0
2020,"Ferrari North America, Inc.",Portofino,18.0
2020,Lotus Cars Ltd,Evora,20.0
2020,Lotus Cars Ltd,Evora,19.0
2020,Lotus Cars Ltd,Evora GT,20.0
2020,Lotus Cars Ltd,Evora GT,20.0
2020,Mini,COOPER CONVERTIBLE,31.0
2020,Mini,COOPER S CONVERTIBLE,29.0
2020,Mini,JOHN COOPER WORKS CONVERTIBLE,28.0
2020,Porsche,911 Carrera,20.0
2020,Porsche,911 Carrera 4,20.0
2020,Porsche,911 Carrera 4 Cabriolet,20.0
2020,Porsche,911 Carrera 4S,20.0
2020,Porsche,911 Carrera 4S,20.0
2020,Porsche,911 Carrera 4S Cabriolet,20.0
2020,Porsche,911 Carrera 4S Cabriolet,20.0
2020,Porsche,911 Carrera Cabriolet,20.0
2020,Porsche,911 Carrera S,20.0
2020,Porsche,911 Carrera S,20.0
2020,Porsche,911 Carrera S Cabriolet,20.0
2020,Porsche,911 Carrera S Cabriolet,20.0
2020,Subaru,BRZ,27.0
2020,Subaru,BRZ,24.0
2020,Subaru,BRZ tS,23.0
2020,TOYOTA,86,27.0
2020,TOYOTA,86,24.0
2020,Audi,A3,30.0
2020,Audi,A3 Cabriolet quattro,25.0
2020,Audi,A3 quattro,25.0
2020,Audi,A5 Cabriolet quattro,26.0
2020,Audi,A5 quattro,27.0
2020,Audi,RS3,23.0
2020,Audi,S3,25.0
2020,Audi,S5,23.0
2020,Audi,S5 Cabriolet,22.0
2020,Audi,TT Coupe quattro,26.0
2020,Audi,TT RS,23.0
2020,Audi,TTS Coupe,25.0
2020,Bentley,Continental GT,19.0
2020,Bentley,Continental GT,15.0
2020,BMW,230i Convertible,27.0
2020,BMW,230i Coupe,27.0
2020,BMW,230i Coupe,25.0
2020,BMW,230i xDrive Convertible,24.0
2020,BMW,230i xDrive Coupe,24.0
2020,BMW,430i Convertible,27.0
2020,BMW,430i xDrive Convertible,26.0
2020,BMW,440i Convertible,24.0
2020,BMW,440i xDrive Convertible,23.0
2020,BMW,840i Convertible,24.0
2020,BMW,840i Coupe,25.0
2020,BMW,840i xDrive Convertible,23.0
2020,BMW,840i xDrive Coupe,23.0
2020,BMW,M2 Competition Coupe,19.0
2020,BMW,M2 Competition Coupe,20.0
2020,BMW,M2 CS Coupe,19.0
2020,BMW,M2 CS Coupe,20.0
2020,BMW,M240i Convertible,25.0
2020,BMW,M240i Convertible,22.0
2020,BMW,M240i Coupe,25.0
2020,BMW,M240i Coupe,22.0
2020,BMW,M240i Coupe M Performance,25.0
2020,BMW,M240i Coupe M Performance,22.0
2020,BMW,M240i xDrive Convertible,25.0
2020,BMW,M240i xDrive Coupe,25.0
2020,BMW,M240i xDrive Coupe M Performance,25.0
2020,BMW,M4 Convertible,19.0
2020,BMW,M4 Convertible,20.0
2020,BMW,M4 Convertible Competition,19.0
2020,BMW,M4 Convertible Competition,20.0
2020,BMW,M8 Competition Convertible,17.0
2020,BMW,M8 Competition Coupe,17.0
2020,BMW,M8 Convertible,17.0
2020,BMW,M8 Coupe,17.0
2020,BMW,M850i xDrive Convertible,20.0
2020,BMW,M850i xDrive Coupe,20.0
2020,Chevrolet,CAMARO,25.0
2020,Chevrolet,CAMARO,23.0
2020,Chevrolet,CAMARO,22.0
2020,Chevrolet,CAMARO,20.0
2020,Chevrolet,CAMARO,16.0
2020,Chevrolet,CAMARO,20.0
2020,Chevrolet,CAMARO,19.0
2020,Chevrolet,CAMARO,16.0
2020,Chevrolet,SPARK,33.0
2020,Chevrolet,SPARK,33.0
2020,Chevrolet,SPARK ACTIV,33.0
2020,Chevrolet,SPARK ACTIV,32.0
2020,Ford,MUSTANG,25.0
2020,Ford,MUSTANG,24.0
2020,Ford,MUSTANG,19.0
2020,Ford,MUSTANG,18.0
2020,Ford,MUSTANG BULLITT,17.0
2020,Ford,MUSTANG CONVERTIBLE,23.0
2020,Ford,MUSTANG CONVERTIBLE,23.0
2020,Ford,MUSTANG CONVERTIBLE,18.0
2020,Ford,MUSTANG HO CONVERTIBLE,23.0
2020,Ford,MUSTANG HO CONVERTIBLE,22.0
2020,Ford,MUSTANG HO COUPE,23.0
2020,Ford,MUSTANG HO COUPE,23.0
2020,Ford,SHELBY GT350 MUSTANG,16.0
2020,Ford,SHELBY GT500 MUSTANG,14.0
2020,INFINITI,Q60,22.0
2020,INFINITI,Q60 AWD,22.0
2020,INFINITI,Q60 AWD RED SPORT,21.0
2020,INFINITI,Q60 RED SPORT,22.0
2020,LEXUS,LC 500,19.0
2020,LEXUS,LC 500h,30.0
2020,LEXUS,RC 300,24.0
2020,LEXUS,RC 300 AWD,21.0
2020,LEXUS,RC 350,23.0
2020,LEXUS,RC 350 AWD,21.0
2020,LEXUS,RC F,19.0
2020,Mercedes-Benz,A 220,28.0
2020,Mercedes-Benz,A 220 4MATIC,28.0
2020,Mercedes-Benz,AMG A 35 4MATIC,27.0
2020,Mercedes-Benz,AMG C 43 4MATIC (convertible),21.0
2020,Mercedes-Benz,AMG C 43 4MATIC (coupe),22.0
2020,Mercedes-Benz,AMG C 63 (convertible),20.0
2020,Mercedes-Benz,AMG C 63 (coupe),20.0
2020,Mercedes-Benz,AMG C 63 S (convertible),20.0
2020,Mercedes-Benz,AMG C 63 S (coupe),20.0
2020,Mercedes-Benz,AMG E 53 4MATIC+ (Convertible),23.0
2020,Mercedes-Benz,AMG E 53 4MATIC+ (Coupe),23.0
2020,Mercedes-Benz,AMG S 63 4MATIC+ (convertible),18.0
2020,Mercedes-Benz,C 300 (convertible),24.0
2020,Mercedes-Benz,C 300 (Coupe),25.0
2020,Mercedes-Benz,C 300 4MATIC (convertible),24.0
2020,Mercedes-Benz,C 300 4MATIC (Coupe),25.0
2020,Mercedes-Benz,E 450 (convertible),23.0
2020,Mercedes-Benz,E 450 (coupe),23.0
2020,Mercedes-Benz,E 450 4MATIC (convertible),22.0
2020,Mercedes-Benz,E 450 4MATIC (coupe),22.0
2020,Mercedes-Benz,S 560 (convertible),20.0
2020,Mini,COOPER HARDTOP 2 DOOR,31.0
2020,Mini,COOPER HARDTOP 4 DOOR,31.0
2020,Mini,COOPER S HARDTOP 2 DOOR,30.0
2020,Mini,COOPER S HARDTOP 4 DOOR,30.0
2020,Mini,JOHN COOPER WORKS HARDTOP,29.0
2020,NISSAN,GT-R,18.0
2020,"Roush Industries, Inc.",Roush Stage 3 Mustang,14.0
2020,"Roush Industries, Inc.",Roush Stage 3 Mustang,15.0
2020,Acura,ILX,28.0
2020,Acura,TLX AWD,23.0
2020,Acura,TLX AWD A-SPEC,23.0
2020,Acura,TLX FWD,27.0
2020,Acura,TLX FWD,24.0
2020,Acura,TLX FWD A-SPEC,26.0
2020,Acura,TLX FWD A-SPEC,23.0
2020,Audi,A4,30.0
2020,Audi,A4 quattro,27.0
2020,Audi,S4,23.0
2020,BMW,228i XDRIVE GRAN COUPE,27.0
2020,BMW,330i,30.0
2020,BMW,330i xDrive,28.0
2020,BMW,430i Coupe,27.0
2020,BMW,430i Coupe,25.0
2020,BMW,430i Gran Coupe,27.0
2020,BMW,430i xDrive Coupe,24.0
2020,BMW,430i xDrive Gran Coupe,24.0
2020,BMW,440i Coupe,25.0
2020,BMW,440i Coupe,22.0
2020,BMW,440i Gran Coupe,25.0
2020,BMW,440i xDrive Coupe,25.0
2020,BMW,440i xDrive Coupe,21.0
2020,BMW,440i xDrive Gran Coupe,25.0
2020,BMW,M235i xDrive,26.0
2020,BMW,M340i,25.0
2020,BMW,M340i xDrive,25.0
2020,BMW,M4 Coupe,19.0
2020,BMW,M4 Coupe,20.0
2020,BMW,M4 Coupe Competition,19.0
2020,BMW,M4 Coupe Competition,20.0
2020,BMW,M4 CS,19.0
2020,Cadillac,CT4,27.0
2020,Cadillac,CT4,24.0
2020,Cadillac,CT4 AWD,26.0
2020,Cadillac,CT4 AWD,23.0
2020,Cadillac,CT4 V,23.0
2020,Cadillac,CT4 V AWD,23.0
2020,Chevrolet,SONIC,29.0
2020,GENESIS,G70 AWD,23.0
2020,GENESIS,G70 AWD,20.0
2020,GENESIS,G70 RWD,25.0
2020,GENESIS,G70 RWD,22.0
2020,GENESIS,G70 RWD,20.0
2020,Honda,CIVIC 2DR,35.0
2020,Honda,CIVIC 2DR,33.0
2020,Honda,CIVIC 2DR,30.0
2020,Honda,CIVIC 2DR,33.0
2020,Honda,CIVIC 2DR,32.0
2020,Honda,CIVIC 2DR,29.0
2020,HYUNDAI MOTOR COMPANY,Accent,36.0
2020,HYUNDAI MOTOR COMPANY,Accent,33.0
2020,HYUNDAI MOTOR COMPANY,Veloster,30.0
2020,HYUNDAI MOTOR COMPANY,Veloster,29.0
2020,HYUNDAI MOTOR COMPANY,Veloster,30.0
2020,HYUNDAI MOTOR COMPANY,Veloster,28.0
2020,HYUNDAI MOTOR COMPANY,Veloster N,25.0
2020,Jaguar,XE,28.0
2020,Jaguar,XE 30t,27.0
2020,Jaguar,XE AWD,28.0
2020,Jaguar,XE AWD 30t,25.0
2020,KIA MOTORS CORPORATION,Rio,36.0
2020,LEXUS,GS F,19.0
2020,LEXUS,IS 300,24.0
2020,LEXUS,IS 300 AWD,21.0
2020,LEXUS,IS 350,23.0
2020,LEXUS,IS 350 AWD,21.0
2020,LEXUS,UX 250h,42.0
2020,LEXUS,UX 250h AWD,39.0
2020,MAZDA,CX-3 2WD,31.0
2020,MAZDA,CX-3 4WD,29.0
2020,MAZDA,MAZDA2,35.0
2020,MAZDA,MAZDA2,34.0
2020,MAZDA,MAZDA3 4-Door 2WD,30.0
2020,MAZDA,MAZDA3 4-Door 2WD,30.0
2020,MAZDA,MAZDA3 4-Door 4WD,28.0
2020,Mercedes-Benz,AMG C 43 4MATIC,22.0
2020,Mercedes-Benz,AMG C 63,21.0
2020,Mercedes-Benz,AMG C 63 S,21.0
2020,Mercedes-Benz,AMG CLA 35 4MATIC,25.0
2020,Mercedes-Benz,AMG CLA 45 4MATIC,23.0
2020,Mercedes-Benz,AMG CLS 53 4MATIC+,23.0
2020,Mercedes-Benz,AMG GT 53 4MATIC+,21.0
2020,Mercedes-Benz,AMG GT 63 4MATIC+,17.0
2020,Mercedes-Benz,AMG GT 63 S 4MATIC+,17.0
2020,Mercedes-Benz,AMG S 63 4MATIC+ (coupe),20.0
2020,Mercedes-Benz,C 300,28.0
2020,Mercedes-Benz,C 300 4MATIC,26.0
2020,Mercedes-Benz,CLA 250,28.0
2020,Mercedes-Benz,CLA 250 4MATIC,27.0
2020,Mercedes-Benz,CLS 450,26.0
2020,Mercedes-Benz,CLS 450 4MATIC,26.0
2020,Mercedes-Benz,S 560 4MATIC (coupe),20.0
2020,Mitsubishi Motors Corporation,MIRAGE,39.0
2020,Mitsubishi Motors Corporation,MIRAGE,36.0
2020,Mitsubishi Motors Corporation,MIRAGE G4,37.0
2020,Mitsubishi Motors Corporation,MIRAGE G4,35.0
2020,NISSAN,VERSA,35.0
2020,NISSAN,VERSA,30.0
2020,Rolls-Royce Motor Cars Limited,Dawn,14.0
2020,Subaru,WRX,21.0
2020,Subaru,WRX,23.0
2020,Subaru,WRX,19.0
2020,TOYOTA,C-HR,29.0
2020,TOYOTA,COROLLA,33.0
2020,TOYOTA,COROLLA,33.0
2020,TOYOTA,COROLLA,34.0
2020,TOYOTA,COROLLA,32.0
2020,TOYOTA,COROLLA HATCHBACK,35.0
2020,TOYOTA,COROLLA HATCHBACK MANUAL,31.0
2020,TOYOTA,COROLLA HATCHBACK XSE,33.0
2020,TOYOTA,COROLLA HYBRID,52.0
2020,TOYOTA,COROLLA XLE,32.0
2020,TOYOTA,COROLLA XSE,34.0
2020,TOYOTA,YARIS,35.0
2020,TOYOTA,YARIS,34.0
2020,Volkswagen,Golf,32.0
2020,Volkswagen,Golf,31.0
2020,Volkswagen,GTI,27.0
2020,Volkswagen,GTI,27.0
2020,Volkswagen,Jetta,34.0
2020,Volkswagen,Jetta,34.0
2020,Volkswagen,Jetta,28.0
2020,Volkswagen,Jetta,28.0
2020,"Volvo Cars of North America, LLC",S60 AWD,25.0
2020,"Volvo Cars of North America, LLC",S60 FWD,27.0
2020,Acura,RLX,28.0
2020,Acura,RLX,23.0
2020,ALFA ROMEO,Giulia,27.0
2020,ALFA ROMEO,Giulia,20.0
2020,ALFA ROMEO,Giulia AWD,26.0
2020,Audi,A5 Sportback quattro,27.0
2020,Audi,A6 quattro,27.0
2020,Audi,A6 quattro,24.0
2020,Audi,A7 quattro,24.0
2020,Audi,S5 Sportback,23.0
2020,Audi,S6,22.0
2020,Audi,S7,22.0
2020,Bentley,Flying Spur,15.0
2020,Bentley,Mulsanne,12.0
2020,BMW,530i,28.0
2020,BMW,530i xDrive,27.0
2020,BMW,540i,25.0
2020,BMW,540i xDrive,25.0
2020,BMW,840i Gran Coupe,24.0
2020,BMW,840i xDrive Gran Coupe,23.0
2020,BMW,M5,17.0
2020,BMW,M5 Competition,17.0
2020,BMW,M550i xDrive,20.0
2020,BMW,M8 Competition Gran Coupe,17.0
2020,BMW,M8 Gran Coupe,17.0
2020,BMW,M850i xDrive Gran Coupe,20.0
2020,BMW,X2 M35i,26.0
2020,BMW,X2 sDrive28i,27.0
2020,BMW,X2 xDrive28i,27.0
2020,Buick,REGAL,26.0
2020,Buick,REGAL AWD,24.0
2020,Buick,REGAL AWD,22.0
2020,Cadillac,CT5,26.0
2020,Cadillac,CT5,21.0
2020,Cadillac,CT5 AWD,25.0
2020,Cadillac,CT5 AWD,21.0
2020,Cadillac,CT5 V,21.0
2020,Cadillac,CT5 V AWD,20.0
2020,Chevrolet,MALIBU,32.0
2020,Chevrolet,MALIBU,26.0
2020,Dodge,Challenger,23.0
2020,Dodge,Challenger,19.0
2020,Dodge,Challenger,18.0
2020,Dodge,Challenger,18.0
2020,Dodge,Challenger,17.0
2020,Dodge,Challenger AWD,21.0
2020,Dodge,Challenger SRT,16.0
2020,Dodge,Challenger SRT,16.0
2020,Dodge,Challenger SRT Widebody,15.0
2020,Dodge,Challenger SRT Widebody,16.0
2020,Dodge,Challenger Widebody,18.0
2020,Dodge,Challenger Widebody,17.0
2020,Ford,FUSION AWD,23.0
2020,Ford,FUSION FWD,27.0
2020,Ford,FUSION FWD,25.0
2020,Ford,FUSION FWD,24.0
2020,Ford,FUSION HYBRID FWD,42.0
2020,Ford,FUSION HYBRID TAXI,41.0
2020,Honda,ACCORD 2.0T SPORT/TOURING,26.0
2020,Honda,CIVIC 4Dr,36.0
2020,Honda,CIVIC 4Dr,33.0
2020,Honda,CIVIC 4Dr,30.0
2020,Honda,CIVIC 4Dr,33.0
2020,Honda,CIVIC 4Dr,32.0
2020,Honda,CIVIC 4Dr,29.0
2020,Honda,INSIGHT,52.0
2020,Honda,INSIGHT TOURING,48.0
2020,HYUNDAI MOTOR COMPANY,Elantra,36.0
2020,HYUNDAI MOTOR COMPANY,Elantra,29.0
2020,HYUNDAI MOTOR COMPANY,Elantra,34.0
2020,HYUNDAI MOTOR COMPANY,Elantra SE,35.0
2020,HYUNDAI MOTOR COMPANY,Venue,32.0
2020,HYUNDAI MOTOR COMPANY,Venue,30.0
2020,INFINITI,Q50,23.0
2020,INFINITI,Q50 AWD,22.0
2020,INFINITI,Q50 AWD RED SPORT,22.0
2020,INFINITI,Q50 RED SPORT,22.0
2020,Jaguar,XF,28.0
2020,Jaguar,XF 30t,26.0
2020,Jaguar,XF AWD,27.0
2020,Jaguar,XF AWD,23.0
2020,Jaguar,XF AWD 30t,25.0
2020,KIA MOTORS CORPORATION,Forte,30.0
2020,KIA MOTORS CORPORATION,Forte,28.0
2020,KIA MOTORS CORPORATION,Forte,33.0
2020,KIA MOTORS CORPORATION,Forte,31.0
2020,KIA MOTORS CORPORATION,Forte FE,35.0
2020,KIA MOTORS CORPORATION,Optima Hybrid,42.0
2020,KIA MOTORS CORPORATION,Stinger AWD,24.0
2020,KIA MOTORS CORPORATION,Stinger AWD,20.0
2020,KIA MOTORS CORPORATION,Stinger RWD,25.0
2020,KIA MOTORS CORPORATION,Stinger RWD,20.0
2020,LEXUS,ES 300h,44.0
2020,LEXUS,ES 350,26.0
2020,LEXUS,ES 350 F SPORT,25.0
2020,LEXUS,GS 350,23.0
2020,LEXUS,GS 350 AWD,21.0
2020,LEXUS,GS 350 F SPORT,22.0
2020,LEXUS,LS 500,23.0
2020,LEXUS,LS 500 AWD,21.0
2020,LEXUS,LS 500h,28.0
2020,LEXUS,LS 500h AWD,26.0
2020,LEXUS,UX 200,33.0
2020,Lincoln,MKZ AWD,23.0
2020,Lincoln,MKZ AWD,20.0
2020,Lincoln,MKZ FWD,24.0
2020,Lincoln,MKZ FWD,21.0
2020,Lincoln,MKZ HYBRID FWD,41.0
2020,MASERATI,GHIBLI,19.0
2020,MASERATI,GHIBLI S,19.0
2020,MASERATI,GHIBLI S Q4,19.0
2020,MAZDA,MAZDA3 5-Door 2WD,30.0
2020,MAZDA,MAZDA3 5-Door 2WD,29.0
2020,MAZDA,MAZDA3 5-Door 4WD,27.0
2020,MAZDA,MAZDA6,29.0
2020,MAZDA,MAZDA6,26.0
2020,Mercedes-Benz,AMG E 53 4MATIC+,24.0
2020,Mercedes-Benz,AMG E 63 S 4MATIC+,18.0
2020,Mercedes-Benz,E 350,26.0
2020,Mercedes-Benz,E 350 4MATIC,25.0
2020,Mercedes-Benz,E 450 4MATIC,23.0
2020,Mini,COOPER COUNTRYMAN,29.0
2020,Mini,COOPER COUNTRYMAN ALL4,27.0
2020,Mini,COOPER S CLUBMAN,29.0
2020,Mini,COOPER S CLUBMAN ALL4,26.0
2020,Mini,COOPER S COUNTRYMAN,28.0
2020,Mini,COOPER S COUNTRYMAN ALL4,26.0
2020,Mini,JCW COUNTRYMAN ALL4,26.0
2020,Mini,JOHN COOPER WORKS CLUBMAN ALL4,26.0
2020,NISSAN,ALTIMA,32.0
2020,NISSAN,ALTIMA AWD,30.0
2020,NISSAN,ALTIMA AWD SR/PLATINUM,29.0
2020,NISSAN,ALTIMA SR/PLATINUM,29.0
2020,NISSAN,ALTIMA SR/PLATINUM,31.0
2020,NISSAN,Kicks,33.0
2020,NISSAN,MAXIMA,24.0
2020,NISSAN,Sentra,33.0
2020,NISSAN,Sentra SR,32.0
2020,Rolls-Royce Motor Cars Limited,Wraith,14.0
2020,Subaru,IMPREZA 4-Door,31.0
2020,Subaru,IMPREZA 4-Door,26.0
2020,Subaru,IMPREZA 4-Door SPORT,30.0
2020,Subaru,IMPREZA 4-Door SPORT,26.0
2020,TOYOTA,AVALON,25.0
2020,TOYOTA,AVALON HYBRID,43.0
2020,TOYOTA,AVALON HYBRID XLE,44.0
2020,TOYOTA,AVALON XLE,26.0
2020,TOYOTA,CAMRY,34.0
2020,TOYOTA,CAMRY,26.0
2020,TOYOTA,CAMRY AWD LE/SE,29.0
2020,TOYOTA,CAMRY AWD XLE/XSE,28.0
2020,TOYOTA,CAMRY HYBRID LE,52.0
2020,TOYOTA,CAMRY HYBRID XLE/SE,46.0
2020,TOYOTA,CAMRY LE/SE,32.0
2020,TOYOTA,CAMRY TRD,25.0
2020,TOYOTA,CAMRY XLE/XSE,31.0
2020,TOYOTA,CAMRY XSE,26.0
2020,TOYOTA,PRIUS,52.0
2020,TOYOTA,PRIUS AWD,50.0
2020,TOYOTA,PRIUS Eco,56.0
2020,Volkswagen,Passat,27.0
2020,"Volvo Cars of North America, LLC",S90 AWD,25.0
2020,Audi,A8L,21.0
2020,Audi,A8L,18.0
2020,Audi,S8,16.0
2020,BMW,740i,24.0
2020,BMW,740i xDrive,23.0
2020,BMW,750i xDrive,20.0
2020,BMW,Alpina B7,20.0
2020,BMW,M760i xDrive,16.0
2020,BMW,X1 sDrive28i,27.0
2020,BMW,X1 xDrive28i,26.0
2020,Cadillac,CT6 AWD,21.0
2020,Cadillac,CT6 AWD,17.0
2020,Chevrolet,IMPALA,22.0
2020,Chevrolet,IMPALA,22.0
2020,Chrysler,300,23.0
2020,Chrysler,300,19.0
2020,Chrysler,300 AWD,21.0
2020,Dodge,Charger,23.0
2020,Dodge,Charger,19.0
2020,Dodge,Charger,18.0
2020,Dodge,Charger AWD,21.0
2020,Dodge,Charger SRT Widebody,15.0
2020,Dodge,Charger Widebody,18.0
2020,GENESIS,G80 AWD,20.0
2020,GENESIS,G80 AWD,20.0
2020,GENESIS,G80 AWD,18.0
2020,GENESIS,G80 RWD,20.0
2020,GENESIS,G80 RWD,21.0
2020,GENESIS,G80 RWD,19.0
2020,GENESIS,G90 AWD,20.0
2020,GENESIS,G90 AWD,18.0
2020,GENESIS,G90 RWD,20.0
2020,GENESIS,G90 RWD,19.0
2020,Honda,ACCORD,33.0
2020,Honda,ACCORD,31.0
2020,Honda,ACCORD,30.0
2020,Honda,ACCORD,48.0
2020,Honda,ACCORD,27.0
2020,Honda,ACCORD,26.0
2020,Honda,CIVIC 5DR,34.0
2020,Honda,CIVIC 5DR,32.0
2020,Honda,CIVIC 5DR,32.0
2020,Honda,CIVIC 5DR,25.0
2020,HYUNDAI MOTOR COMPANY,Elantra GT,28.0
2020,HYUNDAI MOTOR COMPANY,Elantra GT,26.0
2020,HYUNDAI MOTOR COMPANY,Elantra GT,27.0
2020,HYUNDAI MOTOR COMPANY,Ioniq,55.0
2020,HYUNDAI MOTOR COMPANY,Ioniq Blue,58.0
2020,HYUNDAI MOTOR COMPANY,Sonata,31.0
2020,HYUNDAI MOTOR COMPANY,Sonata,31.0
2020,HYUNDAI MOTOR COMPANY,Sonata,32.0
2020,HYUNDAI MOTOR COMPANY,Sonata Hybrid,47.0
2020,HYUNDAI MOTOR COMPANY,Sonata Hybrid Blue,52.0
2020,KIA MOTORS CORPORATION,Cadenza,23.0
2020,KIA MOTORS CORPORATION,K900,21.0
2020,KIA MOTORS CORPORATION,Optima,31.0
2020,KIA MOTORS CORPORATION,Optima,24.0
2020,KIA MOTORS CORPORATION,Optima,27.0
2020,KIA MOTORS CORPORATION,Optima FE,29.0
2020,Lincoln,CONTINENTAL AWD,20.0
2020,Lincoln,CONTINENTAL AWD,19.0
2020,Lincoln,CONTINENTAL AWD,19.0
2020,Lincoln,CONTINENTAL COACH,19.0
2020,Lincoln,CONTINENTAL FWD,21.0
2020,Lincoln,CONTINENTAL FWD,20.0
2020,MASERATI,QUATTROPORTE GTS,17.0
2020,MASERATI,QUATTROPORTE S,19.0
2020,MASERATI,QUATTROPORTE S Q4,18.0
2020,Mercedes-Benz,AMG S 63 4MATIC+,20.0
2020,Mercedes-Benz,AMG S 65,16.0
2020,Mercedes-Benz,Maybach S 650,16.0
2020,Mercedes-Benz,S 450,22.0
2020,Mercedes-Benz,S 450 4MATIC,22.0
2020,Mercedes-Benz,S 560,21.0
2020,Mercedes-Benz,S 560 4MATIC,21.0
2020,Mercedes-Benz,S 560 4MATIC Maybach,19.0
2020,Porsche,Panamera,22.0
2020,Porsche,Panamera 4,22.0
2020,Porsche,Panamera 4 Executive,22.0
2020,Porsche,Panamera 4 ST,22.0
2020,Porsche,Panamera 4S,21.0
2020,Porsche,Panamera 4S Executive,21.0
2020,Porsche,Panamera 4S ST,20.0
2020,Porsche,Panamera GTS,19.0
2020,Porsche,Panamera GTS ST,18.0
2020,Porsche,Panamera Turbo,21.0
2020,Porsche,Panamera Turbo Exec,21.0
2020,Porsche,Panamera Turbo ST,20.0
2020,Rolls-Royce Motor Cars Limited,Ghost,14.0
2020,Rolls-Royce Motor Cars Limited,Ghost EWB,14.0
2020,Rolls-Royce Motor Cars Limited,Phantom,14.0
2020,Rolls-Royce Motor Cars Limited,Phantom EWB,14.0
2020,Subaru,LEGACY,27.0
2020,Subaru,LEGACY,30.0
2020,Volkswagen,Arteon,25.0
2020,Volkswagen,Arteon 4Motion,23.0
2020,Audi,A4 allroad quattro,26.0
2020,Buick,REGAL TOUR X AWD,24.0
2020,Chevrolet,SONIC 5,29.0
2020,FIAT,500L,25.0
2020,Honda,FIT,36.0
2020,Honda,FIT,33.0
2020,Honda,FIT,31.0
2020,Honda,HR-V AWD,29.0
2020,Honda,HR-V AWD,28.0
2020,Honda,HR-V FWD,30.0
2020,Honda,HR-V FWD,30.0
2020,KIA MOTORS CORPORATION,Niro,49.0
2020,KIA MOTORS CORPORATION,Niro FE,50.0
2020,KIA MOTORS CORPORATION,Niro Touring,43.0
2020,KIA MOTORS CORPORATION,Soul,29.0
2020,KIA MOTORS CORPORATION,Soul,30.0
2020,KIA MOTORS CORPORATION,Soul,27.0
2020,KIA MOTORS CORPORATION,Soul Eco dynamics,31.0
2020,NISSAN,Rogue Sport,28.0
2020,NISSAN,Rogue Sport AWD,27.0
2020,Subaru,IMPREZA 5-Door,31.0
2020,Subaru,IMPREZA 5-Door,26.0
2020,Subaru,IMPREZA 5-Door SPORT,30.0
2020,Subaru,IMPREZA 5-Door SPORT,25.0
2020,"Volvo Cars of North America, LLC",V60 CC AWD,25.0
2020,"Volvo Cars of North America, LLC",V60 FWD,27.0
2020,Audi,A6 Allroad,22.0
2020,Jaguar,XF Sportbrake AWD,24.0
2020,Jaguar,XF Sportbrake AWD,21.0
2020,Mercedes-Benz,AMG E 63 S 4MATIC+ (SW),19.0
2020,Mercedes-Benz,E 450 4MATIC (station wagon),22.0
2020,NISSAN,MURANO AWD,23.0
2020,NISSAN,MURANO FWD,23.0
2020,Rolls-Royce Motor Cars Limited,Cullinan,14.0
2020,Rolls-Royce Motor Cars Limited,Cullinan Black Badge,14.0
2020,"Volvo Cars of North America, LLC",V90 AWD,25.0
2020,"Volvo Cars of North America, LLC",V90 CC AWD,24.0
2020,"Volvo Cars of North America, LLC",V90 FWD,26.0
2020,Chevrolet,COLORADO 2WD,22.0
2020,Chevrolet,COLORADO 2WD,23.0
2020,Chevrolet,COLORADO 2WD,20.0
2020,GMC,CANYON 2WD,22.0
2020,GMC,CANYON 2WD,23.0
2020,GMC,CANYON 2WD,20.0
2020,Honda,RIDGELINE FWD,22.0
2020,TOYOTA,TACOMA 2WD,21.0
2020,TOYOTA,TACOMA 2WD,21.0
2020,Chevrolet,COLORADO 4WD,21.0
2020,Chevrolet,COLORADO 4WD,22.0
2020,Chevrolet,COLORADO 4WD,19.0
2020,Chevrolet,COLORADO ZR2 4WD,19.0
2020,Chevrolet,COLORADO ZR2 4WD,17.0
2020,GMC,CANYON 4WD,21.0
2020,GMC,CANYON 4WD,22.0
2020,GMC,CANYON 4WD,19.0
2020,TOYOTA,TACOMA 4WD,20.0
2020,TOYOTA,TACOMA 4WD,20.0
2020,TOYOTA,TACOMA 4WD,18.0
2020,TOYOTA,TACOMA 4WD D-CAB MT TRD-ORP/PRO,18.0
2020,Chevrolet,SILVERADO 2WD,20.0
2020,Chevrolet,SILVERADO 2WD,21.0
2020,Chevrolet,SILVERADO 2WD,27.0
2020,Chevrolet,SILVERADO 2WD,17.0
2020,Chevrolet,SILVERADO 2WD,17.0
2020,Chevrolet,SILVERADO 2WD,16.0
2020,Chevrolet,SILVERADO 2WD,19.0
2020,Chevrolet,SILVERADO 2WD,20.0
2020,Ford,F150 2WD BASE PAYLOAD LT TIRE,24.0
2020,Ford,F150 2WD FFV BASE PAYLOAD LT,18.0
2020,Ford,F150 5.0L 2WD FFV GVWR>7599 LBS,17.0
2020,Ford,F150 PICKUP 2WD,22.0
2020,Ford,F150 PICKUP 2WD,24.0
2020,Ford,F150 PICKUP 2WD,19.0
2020,Ford,F150 PICKUP 2WD FFV,22.0
2020,Ford,F150 PICKUP 2WD FFV,19.0
2020,Ford,F150 PICKUP 2WD LIMITED,19.0
2020,Ford,RANGER 2WD,23.0
2020,GMC,SIERRA 2WD,20.0
2020,GMC,SIERRA 2WD,21.0
2020,GMC,SIERRA 2WD,26.0
2020,GMC,SIERRA 2WD,17.0
2020,GMC,SIERRA 2WD,17.0
2020,GMC,SIERRA 2WD,16.0
2020,GMC,SIERRA 2WD,19.0
2020,GMC,SIERRA 2WD,20.0
2020,NISSAN,FRONTIER 2WD,20.0
2020,NISSAN,TITAN 2WD,18.0
2020,RAM,1500 4X2,26.0
2020,RAM,1500 4X2,22.0
2020,RAM,1500 4X2,19.0
2020,RAM,1500 4X2,17.0
2020,RAM,1500 Classic 4X2,20.0
2020,RAM,1500 Classic 4X2,17.0
2020,RAM,1500 HFE 4X2,23.0
2020,"Roush Industries, Inc.",F150 Pickup 2WD,13.0
2020,TOYOTA,TUNDRA 2WD,15.0
2020,Chevrolet,SILVERADO 4WD,20.0
2020,Chevrolet,SILVERADO 4WD,20.0
2020,Chevrolet,SILVERADO 4WD,25.0
2020,Chevrolet,SILVERADO 4WD,17.0
2020,Chevrolet,SILVERADO 4WD,19.0
2020,Chevrolet,SILVERADO 4WD,17.0
2020,Chevrolet,SILVERADO 4WD,16.0
2020,Chevrolet,SILVERADO 4WD,18.0
2020,Chevrolet,SILVERADO 4WD,17.0
2020,Chevrolet,SILVERADO 4WD TRAILBOSS,16.0
2020,Chevrolet,SILVERADO 4WD TRAILBOSS,18.0
2020,Chevrolet,SILVERADO 4WD TRAILBOSS,16.0
2020,Chevrolet,SILVERADO 4WD TRAILBOSS,18.0
2020,Chevrolet,SILVERADO 4WD TRAILBOSS,17.0
2020,Chevrolet,SILVERADO 4WD TRAILBOSS,15.0
2020,Ford,F150 PICKUP 4WD,20.0
2020,Ford,F150 PICKUP 4WD,22.0
2020,Ford,F150 PICKUP 4WD,18.0
2020,Ford,F150 PICKUP 4WD FFV,20.0
2020,Ford,F150 PICKUP 4WD FFV,18.0
2020,Ford,F150 PICKUP 4WD LIMITED,19.0
2020,Ford,F150 PICKUP 4WD XL/XLT,24.0
2020,Ford,F150 RAPTOR 4WD,16.0
2020,Ford,RANGER 4WD,22.0
2020,GMC,SIERRA 4WD,20.0
2020,GMC,SIERRA 4WD,20.0
2020,GMC,SIERRA 4WD,24.0
2020,GMC,SIERRA 4WD,17.0
2020,GMC,SIERRA 4WD,19.0
2020,GMC,SIERRA 4WD,17.0
2020,GMC,SIERRA 4WD,16.0
2020,GMC,SIERRA 4WD,18.0
2020,GMC,SIERRA 4WD,17.0
2020,GMC,SIERRA 4WD AT4,24.0
2020,GMC,SIERRA 4WD AT4,18.0
2020,GMC,SIERRA 4WD AT4,16.0
2020,GMC,SIERRA 4WD AT4,18.0
2020,GMC,SIERRA 4WD AT4,17.0
2020,Honda,RIDGELINE AWD,21.0
2020,Jeep,Gladiator Pickup 4x4,19.0
2020,Jeep,Gladiator Pickup 4x4,19.0
2020,NISSAN,FRONTIER 4WD,19.0
2020,NISSAN,TITAN 4WD,18.0
2020,NISSAN,TITAN 4WD PRO-4X,17.0
2020,RAM,1500 4X4,24.0
2020,RAM,1500 4X4,21.0
2020,RAM,1500 4X4,19.0
2020,RAM,1500 4X4,17.0
2020,RAM,1500 Classic 4X4,19.0
2020,RAM,1500 Classic 4X4,17.0
2020,"Roush Industries, Inc.",F150 Pickup 4WD,13.0
2020,TOYOTA,TUNDRA 4WD,14.0
2020,Ford,TRANSIT T150 WAGON 2WD FFV,17.0
2020,Ford,TRANSIT T150 WAGON 4WD FFV,16.0
2020,Ford,RANGER 2WD INCOMPLETE,18.0
2020,Ford,TRANSIT CONNECT USPS,22.0
2020,Ford,Transit Connect Van 2WD,25.0
2020,Ford,Transit Connect Van 2WD,22.0
2020,Ford,TRANSIT CONNECT VAN FFV,25.0
2020,Ford,TRANSIT CONNECT WAGON LWB FFV,26.0
2020,Ford,Transit Connect Wagon LWB FWD,26.0
2020,Ford,Transit Connect Wagon LWB FWD,22.0
2020,Mercedes-Benz,GLB 250,26.0
2020,Mercedes-Benz,Metris (Cargo Van),22.0
2020,Mercedes-Benz,Metris (Cargo Van),22.0
2020,Mercedes-Benz,"Metris (Cargo Van, LWB)",22.0
2020,Mercedes-Benz,"Metris (Cargo Van, LWB)",22.0
2020,Mercedes-Benz,Metris (Passenger Van),21.0
2020,Mercedes-Benz,Metris (Passenger Van),21.0
2020,NISSAN,NV200 Cargo Van,25.0
2020,RAM,Promaster City,24.0
2020,Chevrolet,SILVERADO 2WD CAB CHASSIS,17.0
2020,Chevrolet,SILVERADO 2WD CAB CHASSIS,15.0
2020,Chevrolet,SILVERADO 4WD CAB CHASSIS,15.0
2020,Chevrolet,SILVERADO 4WD CAB CHASSIS,15.0
2020,GMC,SIERRA 2WD CAB CHASSIS,17.0
2020,GMC,SIERRA 2WD CAB CHASSIS,15.0
2020,GMC,SIERRA 4WD CAB CHASSIS,15.0
2020,GMC,SIERRA 4WD CAB CHASSIS,15.0
2020,Chrysler,Pacifica,22.0
2020,Chrysler,Voyager,22.0
2020,Dodge,Grand Caravan,20.0
2020,Honda,ODYSSEY FWD,22.0
2020,KIA MOTORS CORPORATION,Sedona,21.0
2020,TOYOTA,SIENNA,21.0
2020,Chrysler,Pacifica AWD,20.0
2020,TOYOTA,SIENNA AWD,20.0
2020,Acura,MDX FWD,23.0
2020,Acura,RDX FWD,24.0
2020,Acura,RDX FWD A-SPEC,24.0
2020,ALFA ROMEO,Stelvio,25.0
2020,BMW,X3 sDrive30i,27.0
2020,Buick,ENCORE FWD,27.0
2020,Buick,ENCORE GX FWD,28.0
2020,Buick,ENCORE GX FWD,31.0
2020,Buick,ENVISION FWD,25.0
2020,Cadillac,XT4 FWD,26.0
2020,Cadillac,XT5 FWD,24.0
2020,Cadillac,XT5 FWD,21.0
2020,Cadillac,XT6 FWD,20.0
2020,Chevrolet,BLAZER FWD,24.0
2020,Chevrolet,BLAZER FWD,23.0
2020,Chevrolet,BLAZER FWD,21.0
2020,Chevrolet,EQUINOX FWD,28.0
2020,Chevrolet,EQUINOX FWD,25.0
2020,Chevrolet,TRAX FWD,28.0
2020,Dodge,Journey,21.0
2020,Ford,ECOSPORT FWD,28.0
2020,Ford,EDGE FWD,24.0
2020,Ford,ESCAPE FWD,30.0
2020,Ford,ESCAPE FWD HEV,41.0
2020,GMC,TERRAIN FWD,27.0
2020,GMC,TERRAIN FWD,24.0
2020,Honda,CR-V FWD,30.0
2020,Honda,PASSPORT FWD,22.0
2020,Honda,PILOT FWD,22.0
2020,Honda,PILOT FWD,23.0
2020,HYUNDAI MOTOR COMPANY,Kona FWD,30.0
2020,HYUNDAI MOTOR COMPANY,Kona FWD,30.0
2020,HYUNDAI MOTOR COMPANY,Santa Fe FWD,23.0
2020,HYUNDAI MOTOR COMPANY,Santa Fe FWD,25.0
2020,HYUNDAI MOTOR COMPANY,Tucson FWD,25.0
2020,HYUNDAI MOTOR COMPANY,Tucson FWD,25.0
2020,INFINITI,QX50,26.0
2020,INFINITI,QX60 FWD,22.0
2020,Jeep,Cherokee FWD,26.0
2020,Jeep,Cherokee FWD,25.0
2020,Jeep,Cherokee FWD,23.0
2020,Jeep,Compass 4X2,25.0
2020,Jeep,Compass 4X2,26.0
2020,Jeep,Renegade 4x2,27.0
2020,Jeep,Renegade 4x2,25.0
2020,KIA MOTORS CORPORATION,Sorento FWD,25.0
2020,KIA MOTORS CORPORATION,Sorento FWD,22.0
2020,KIA MOTORS CORPORATION,Sportage FWD,23.0
2020,KIA MOTORS CORPORATION,Sportage FWD,26.0
2020,KIA MOTORS CORPORATION,Telluride FWD,23.0
2020,LEXUS,NX 300,25.0
2020,LEXUS,RX 350,23.0
2020,LEXUS,RX 350L,22.0
2020,Lincoln,CORSAIR FWD,25.0
2020,Lincoln,NAUTILUS FWD,23.0
2020,MAZDA,CX-30 2WD,28.0
2020,MAZDA,CX-30 2WD,28.0
2020,MAZDA,CX-5 2WD,28.0
2020,MAZDA,CX-9 2WD,24.0
2020,Mercedes-Benz,GLA 250,28.0
2020,Mercedes-Benz,GLC 300,24.0
2020,Mitsubishi Motors Corporation,ECLIPSE CROSS 2WD,26.0
2020,Mitsubishi Motors Corporation,ECLIPSE CROSS ES 2WD,27.0
2020,Mitsubishi Motors Corporation,OUTLANDER 2WD,27.0
2020,Mitsubishi Motors Corporation,OUTLANDER SPORT 2WD,27.0
2020,Mitsubishi Motors Corporation,OUTLANDER SPORT 2WD,25.0
2020,NISSAN,PATHFINDER 2WD,23.0
2020,NISSAN,ROGUE FWD,29.0
2020,TOYOTA,HIGHLANDER,23.0
2020,TOYOTA,HIGHLANDER,24.0
2020,TOYOTA,HIGHLANDER HYBRID,36.0
2020,TOYOTA,RAV4,30.0
2020,TOYOTA,RAV4,30.0
2020,Volkswagen,Atlas,22.0
2020,Volkswagen,Atlas,19.0
2020,Volkswagen,Atlas Cross Sport,22.0
2020,Volkswagen,Atlas Cross Sport,19.0
2020,Volkswagen,Tiguan,25.0
2020,"Volvo Cars of North America, LLC",XC40 FWD,27.0
2020,"Volvo Cars of North America, LLC",XC60 FWD,24.0
2020,Acura,MDX AWD,27.0
2020,Acura,MDX AWD,22.0
2020,Acura,MDX AWD A-spec,21.0
2020,Acura,RDX AWD,23.0
2020,Acura,RDX AWD A-SPEC,23.0
2020,ALFA ROMEO,Stelvio AWD,24.0
2020,ALFA ROMEO,Stelvio AWD,19.0
2020,Audi,Q3 quattro,22.0
2020,Audi,Q5,24.0
2020,Audi,SQ5,20.0
2020,BMW,X3 M,16.0
2020,BMW,X3 M Competition,16.0
2020,BMW,X3 M40i,23.0
2020,BMW,X3 xDrive30i,26.0
2020,BMW,X4 M,16.0
2020,BMW,X4 M Competition,16.0
2020,BMW,X4 M40i,23.0
2020,BMW,X4 xDrive30i,25.0
2020,Buick,ENCORE AWD,26.0
2020,Buick,ENCORE GX AWD,28.0
2020,Buick,ENVISION AWD,22.0
2020,Buick,ENVISION AWD,24.0
2020,Cadillac,XT4 AWD,24.0
2020,Cadillac,XT5 AWD,23.0
2020,Cadillac,XT5 AWD,20.0
2020,Cadillac,XT6 AWD,20.0
2020,Chevrolet,BLAZER AWD,23.0
2020,Chevrolet,BLAZER AWD,21.0
2020,Chevrolet,EQUINOX AWD,27.0
2020,Chevrolet,EQUINOX AWD,24.0
2020,Chevrolet,TRAX AWD,26.0
2020,FIAT,500X AWD,26.0
2020,Ford,ECOSPORT AWD,25.0
2020,Ford,EDGE AWD,23.0
2020,Ford,EDGE AWD,23.0
2020,Ford,EDGE AWD,21.0
2020,Ford,ESCAPE AWD,28.0
2020,Ford,ESCAPE AWD,26.0
2020,Ford,ESCAPE AWD HEV,40.0
2020,GMC,TERRAIN AWD,26.0
2020,GMC,TERRAIN AWD,23.0
2020,Honda,CR-V AWD,29.0
2020,Honda,CR-V AWD,38.0
2020,Honda,PASSPORT AWD,21.0
2020,Honda,PILOT AWD,21.0
2020,Honda,PILOT AWD,22.0
2020,HYUNDAI MOTOR COMPANY,Kona AWD,27.0
2020,HYUNDAI MOTOR COMPANY,Kona AWD,28.0
2020,HYUNDAI MOTOR COMPANY,Santa Fe AWD,22.0
2020,HYUNDAI MOTOR COMPANY,Santa Fe AWD,24.0
2020,HYUNDAI MOTOR COMPANY,Tucson AWD,23.0
2020,HYUNDAI MOTOR COMPANY,Tucson AWD,23.0
2020,INFINITI,QX50 AWD,25.0
2020,INFINITI,QX60 AWD,22.0
2020,Jaguar,E-PACE,24.0
2020,Jaguar,E-PACE P300,23.0
2020,Jaguar,F-PACE,24.0
2020,Jaguar,F-PACE,20.0
2020,Jaguar,F-PACE,18.0
2020,Jaguar,F-PACE 30t,24.0
2020,Jeep,Cherokee 4X4,24.0
2020,Jeep,Cherokee 4X4,24.0
2020,Jeep,Cherokee 4X4,22.0
2020,Jeep,Cherokee 4x4 Active Drive II,23.0
2020,Jeep,Cherokee 4x4 Active Drive II,21.0
2020,Jeep,Cherokee Trailhawk 4X4,22.0
2020,Jeep,Cherokee Trailhawk 4X4,21.0
2020,Jeep,Compass 4X4,25.0
2020,Jeep,Compass 4X4,25.0
2020,Jeep,Renegade 4x4,26.0
2020,Jeep,Renegade 4x4,24.0
2020,Jeep,Renegade Trailhawk 4x4,24.0
2020,Jeep,Wrangler 4x4,21.0
2020,Jeep,Wrangler 4x4,23.0
2020,Jeep,Wrangler 4x4,20.0
2020,Jeep,Wrangler 4x4,20.0
2020,Jeep,Wrangler Unlimited 4x4,21.0
2020,Jeep,Wrangler Unlimited 4x4,21.0
2020,Jeep,Wrangler Unlimited 4x4,25.0
2020,Jeep,Wrangler Unlimited 4x4,20.0
2020,Jeep,Wrangler Unlimited 4x4,20.0
2020,Jeep,Wrangler Unlimited 4x4,19.0
2020,KIA MOTORS CORPORATION,Sorento AWD,23.0
2020,KIA MOTORS CORPORATION,Sorento AWD,20.0
2020,KIA MOTORS CORPORATION,Sportage AWD,21.0
2020,KIA MOTORS CORPORATION,Sportage AWD,23.0
2020,KIA MOTORS CORPORATION,Telluride AWD,21.0
2020,Land Rover,Discovery Sport,21.0
2020,Land Rover,Discovery Sport MHEV,21.0
2020,Land Rover,Evoque,23.0
2020,Land Rover,Evoque MHEV,23.0
2020,Land Rover,Range Rover Velar,23.0
2020,Land Rover,Range Rover Velar,20.0
2020,Land Rover,Range Rover Velar,17.0
2020,Land Rover,Range Rover Velar P300,22.0
2020,Land Rover,Range Rover Velar P380,20.0
2020,LEXUS,NX 300 AWD,24.0
2020,LEXUS,NX 300 AWD F SPORT,24.0
2020,LEXUS,NX 300h AWD,31.0
2020,LEXUS,RX 350 AWD,22.0
2020,LEXUS,RX 350L AWD,21.0
2020,Lincoln,CORSAIR AWD,24.0
2020,Lincoln,CORSAIR AWD,24.0
2020,Lincoln,NAUTILUS AWD,22.0
2020,Lincoln,NAUTILUS AWD,21.0
2020,MAZDA,CX-30 4WD,26.0
2020,MAZDA,CX-30 4WD,27.0
2020,MAZDA,CX-5 4WD,26.0
2020,MAZDA,CX-5 4WD,24.0
2020,MAZDA,CX-9 4WD,23.0
2020,Mercedes-Benz,AMG GLC 43 4MATIC,21.0
2020,Mercedes-Benz,AMG GLC 43 4MATIC (coupe),21.0
2020,Mercedes-Benz,AMG GLC 63 4MATIC+,18.0
2020,Mercedes-Benz,AMG GLC 63 4MATIC+ (coupe),18.0
2020,Mercedes-Benz,AMG GLC 63 S 4MATIC+ (coupe),18.0
2020,Mercedes-Benz,GLA 250 4MATIC,25.0
2020,Mercedes-Benz,GLB 250 4MATIC,26.0
2020,Mercedes-Benz,GLC 300 4MATIC,24.0
2020,Mercedes-Benz,GLC 300 4MATIC (Coupe),24.0
2020,Mercedes-Benz,GLE 350,22.0
2020,Mercedes-Benz,GLE 350 4MATIC,22.0
2020,Mitsubishi Motors Corporation,ECLIPSE CROSS 4WD,25.0
2020,Mitsubishi Motors Corporation,ECLIPSE CROSS ES 4WD,26.0
2020,Mitsubishi Motors Corporation,OUTLANDER 4WD,26.0
2020,Mitsubishi Motors Corporation,OUTLANDER 4WD,22.0
2020,Mitsubishi Motors Corporation,OUTLANDER SPORT 4WD,26.0
2020,Mitsubishi Motors Corporation,OUTLANDER SPORT 4WD,25.0
2020,NISSAN,PATHFINDER 4WD,22.0
2020,NISSAN,PATHFINDER 4WD PLATINUM,21.0
2020,NISSAN,ROGUE AWD,27.0
2020,Porsche,Macan,21.0
2020,Porsche,Macan GTS,19.0
2020,Porsche,Macan S,20.0
2020,Porsche,Macan Turbo,19.0
2020,Subaru,CROSSTREK AWD,30.0
2020,Subaru,CROSSTREK AWD,25.0
2020,Subaru,FORESTER AWD,29.0
2020,Subaru,OUTBACK AWD,26.0
2020,Subaru,OUTBACK AWD,29.0
2020,TOYOTA,HIGHLANDER AWD,23.0
2020,TOYOTA,RAV4 AWD,28.0
2020,TOYOTA,RAV4 AWD,29.0
2020,TOYOTA,RAV4 AWD LE,30.0
2020,TOYOTA,RAV4 AWD TRD OFFROAD,27.0
2020,TOYOTA,RAV4 HYBRID AWD,40.0
2020,Volkswagen,Atlas Cross Sport 4Motion,20.0
2020,Volkswagen,Atlas Cross Sport 4Motion,19.0
2020,Volkswagen,Tiguan 4Motion,23.0
2020,"Volvo Cars of North America, LLC",XC40 AWD,25.0
2020,"Volvo Cars of North America, LLC",XC60 AWD,23.0
2020,"Volvo Cars of North America, LLC",XC60 AWD,23.0
2020,BMW,X5 sDrive40i,23.0
2020,BMW,X6 sDrive40i,23.0
2020,Buick,ENCLAVE FWD,21.0
2020,Cadillac,ESCALADE 2WD,17.0
2020,Chevrolet,C1500 SUBURBAN 2WD,18.0
2020,Chevrolet,C1500 SUBURBAN 2WD,18.0
2020,Chevrolet,C1500 SUBURBAN 2WD,17.0
2020,Chevrolet,C1500 TAHOE 2WD,18.0
2020,Chevrolet,C1500 TAHOE 2WD,18.0
2020,Chevrolet,C1500 TAHOE 2WD,17.0
2020,Chevrolet,TRAVERSE FWD,21.0
2020,Dodge,Durango RWD,21.0
2020,Dodge,Durango RWD,17.0
2020,Ford,Expedition 2WD,19.0
2020,Ford,Expedition MAX 2WD,19.0
2020,Ford,EXPLORER HEV RWD,28.0
2020,Ford,EXPLORER RWD,24.0
2020,GMC,ACADIA FWD,24.0
2020,GMC,ACADIA FWD,23.0
2020,GMC,ACADIA FWD,22.0
2020,GMC,C1500 YUKON 2WD,18.0
2020,GMC,C1500 YUKON 2WD,18.0
2020,GMC,C1500 YUKON 2WD,17.0
2020,GMC,C1500 YUKON XL 2WD,18.0
2020,GMC,C1500 YUKON XL 2WD,18.0
2020,GMC,C1500 YUKON XL 2WD,17.0
2020,HYUNDAI MOTOR COMPANY,Palisade FWD,22.0
2020,INFINITI,QX80 2WD,16.0
2020,Jeep,Grand Cherokee 4X2,21.0
2020,Lincoln,AVIATOR RWD,21.0
2020,Lincoln,NAVIGATOR 2WD,19.0
2020,Lincoln,NAVIGATOR L 2WD,18.0
2020,NISSAN,ARMADA 2WD,16.0
2020,TOYOTA,4RUNNER 2WD,17.0
2020,TOYOTA,SEQUOIA 2WD,15.0
2020,"Volvo Cars of North America, LLC",XC90 FWD,25.0
2020,Audi,Q7,21.0
2020,Audi,Q7,18.0
2020,Audi,Q8,18.0
2020,Audi,RS Q8,15.0
2020,Audi,SQ7,17.0
2020,Audi,SQ8,17.0
2020,Bentley,Bentayga,17.0
2020,Bentley,Bentayga,14.0
2020,BMW,X5 M,15.0
2020,BMW,X5 M Competition,15.0
2020,BMW,X5 M50i,18.0
2020,BMW,X5 xDrive40i,22.0
2020,BMW,X5 xDrive50i,18.0
2020,BMW,X6 M,15.0
2020,BMW,X6 M Competition,15.0
2020,BMW,X6 M50i,18.0
2020,BMW,X6 xDrive40i,22.0
2020,BMW,X7 M50i,17.0
2020,BMW,X7 xDrive40i,22.0
2020,BMW,X7 xDrive50i,17.0
2020,Buick,ENCLAVE AWD,20.0
2020,Cadillac,ESCALADE 4WD,17.0
2020,Chevrolet,K1500 SUBURBAN 4WD,16.0
2020,Chevrolet,K1500 SUBURBAN 4WD,16.0
2020,Chevrolet,K1500 SUBURBAN 4WD,16.0
2020,Chevrolet,K1500 TAHOE 4WD,17.0
2020,Chevrolet,K1500 TAHOE 4WD,17.0
2020,Chevrolet,K1500 TAHOE 4WD,17.0
2020,Chevrolet,TRAVERSE AWD,20.0
2020,Dodge,Durango AWD,21.0
2020,Dodge,Durango AWD,17.0
2020,Dodge,Durango SRT AWD,15.0
2020,Ford,Expedition 4WD,19.0
2020,Ford,Expedition MAX 4WD,18.0
2020,Ford,EXPLORER AWD,23.0
2020,Ford,EXPLORER AWD,20.0
2020,Ford,EXPLORER FFV AWD,19.0
2020,Ford,EXPLORER HEV AWD,25.0
2020,GMC,ACADIA AWD,23.0
2020,GMC,ACADIA AWD,21.0
2020,GMC,K1500 YUKON 4WD,17.0
2020,GMC,K1500 YUKON 4WD,17.0
2020,GMC,K1500 YUKON 4WD,17.0
2020,GMC,K1500 YUKON XL 4WD,16.0
2020,GMC,K1500 YUKON XL 4WD,16.0
2020,GMC,K1500 YUKON XL 4WD,16.0
2020,HYUNDAI MOTOR COMPANY,Palisade AWD,21.0
2020,INFINITI,QX80 4WD,15.0
2020,Jeep,Grand Cherokee 4X4,21.0
2020,Jeep,Grand Cherokee 4X4,17.0
2020,Jeep,Grand Cherokee SRT 4x4,15.0
2020,Jeep,Grand Cherokee Trackhawk 4x4,13.0
2020,Lamborghini,Urus,14.0
2020,Land Rover,Defender 110,18.0
2020,Land Rover,Defender 110 MHEV,19.0
2020,Land Rover,Defender 90,19.0
2020,Land Rover,Defender 90 MHEV,19.0
2020,Land Rover,Discovery,23.0
2020,Land Rover,Discovery,18.0
2020,Land Rover,Range Rover,24.0
2020,Land Rover,Range Rover,18.0
2020,Land Rover,Range Rover LWB,18.0
2020,Land Rover,Range Rover LWB SVA,15.0
2020,Land Rover,Range Rover MHEV,21.0
2020,Land Rover,Range Rover Sport,24.0
2020,Land Rover,Range Rover Sport,19.0
2020,Land Rover,Range Rover Sport SVR,16.0
2020,Land Rover,Range Rover SVA,16.0
2020,LEXUS,GX 460,16.0
2020,LEXUS,LX 570,14.0
2020,LEXUS,RX 450h AWD,30.0
2020,LEXUS,RX 450hL AWD,29.0
2020,Lincoln,AVIATOR AWD,20.0
2020,Lincoln,NAVIGATOR 4WD,18.0
2020,MASERATI,LEVANTE,17.0
2020,MASERATI,LEVANTE GTS,15.0
2020,MASERATI,LEVANTE S,17.0
2020,MASERATI,LEVANTE TROFEO,15.0
2020,Mercedes-Benz,AMG G 63,14.0
2020,Mercedes-Benz,G 550,14.0
2020,Mercedes-Benz,GLE 450 4MATIC,21.0
2020,Mercedes-Benz,GLE 580 4MATIC,19.0
2020,Mercedes-Benz,GLS 450 4MATIC,21.0
2020,Mercedes-Benz,GLS 580 4MATIC,18.0
2020,NISSAN,ARMADA 4WD,15.0
2020,Porsche,Cayenne,20.0
2020,Porsche,Cayenne Coup,20.0
2020,Porsche,Cayenne S,20.0
2020,Porsche,Cayenne S Coup,19.0
2020,Porsche,Cayenne Turbo,17.0
2020,Porsche,Cayenne Turbo Coup,17.0
2020,Subaru,ASCENT AWD,23.0
2020,Subaru,ASCENT LIMITED/TOURING AWD,22.0
2020,TOYOTA,4RUNNER 4WD,17.0
2020,TOYOTA,4RUNNER 4WD,17.0
2020,TOYOTA,HIGHLANDER HYBRID AWD,35.0
2020,TOYOTA,HIGHLANDER HYBRID AWD LTD/PLAT,35.0
2020,TOYOTA,LAND CRUISER WAGON 4WD,14.0
2020,TOYOTA,SEQUOIA 4WD,14.0
2020,Volkswagen,Atlas 4Motion,19.0
2020,"Volvo Cars of North America, LLC",XC90 AWD,21.0
2020,"Volvo Cars of North America, LLC",XC90 AWD,23.0
2020,Certification,Pagani Huayra Roadster BC,12.0
